MODO INDEFINITO,MODO INDEFINITO,MODO INDEFINITO,MODO INDEFINITO,MODO INDEFINITO,MODO INDEFINITO,MODO DEFINITO,MODO DEFINITO,MODO DEFINITO,MODO DEFINITO,MODO DEFINITO,MODO DEFINITO,MODO DEFINITO,MODO DEFINITO,MODO DEFINITO,MODO DEFINITO,MODO DEFINITO,MODO DEFINITO,MODO DEFINITO,MODO DEFINITO,MODO DEFINITO,MODO DEFINITO,MODO DEFINITO,MODO DEFINITO,MODO DEFINITO,MODO DEFINITO,MODO DEFINITO,MODO DEFINITO,MODO DEFINITO,MODO DEFINITO,MODO DEFINITO,MODO DEFINITO,MODO DEFINITO,MODO DEFINITO,MODO DEFINITO,MODO DEFINITO,MODO DEFINITO,MODO DEFINITO,MODO DEFINITO,MODO DEFINITO,MODO DEFINITO,MODO DEFINITO,MODO DEFINITO,MODO DEFINITO,MODO DEFINITO,MODO DEFINITO,MODO DEFINITO,MODO DEFINITO,MODO DEFINITO,MODO DEFINITO,MODO DEFINITO,MODO DEFINITO,MODO DEFINITO,MODO DEFINITO,MODO DEFINITO,MODO DEFINITO,MODO DEFINITO,MODO DEFINITO,MODO DEFINITO,MODO DEFINITO,MODO DEFINITO,MODO DEFINITO,MODO DEFINITO,MODO DEFINITO,MODO DEFINITO,MODO DEFINITO,MODO DEFINITO,MODO DEFINITO,MODO DEFINITO,MODO DEFINITO,MODO DEFINITO,MODO DEFINITO,MODO DEFINITO,MODO DEFINITO,MODO DEFINITO,MODO DEFINITO,MODO DEFINITO,MODO DEFINITO,MODO DEFINITO,MODO DEFINITO,MODO DEFINITO,MODO DEFINITO,MODO DEFINITO,MODO DEFINITO,MODO DEFINITO,MODO DEFINITO,MODO DEFINITO,MODO DEFINITO,MODO DEFINITO,MODO DEFINITO,MODO DEFINITO,MODO DEFINITO,MODO DEFINITO,MODO DEFINITO,MODO DEFINITO,TRADUZIONE,96
INFINITIVO,INFINITIVO,PARTICIPIO,PARTICIPIO,GERUNDIO,GERUNDIO,INDICATIVO,INDICATIVO,INDICATIVO,INDICATIVO,INDICATIVO,INDICATIVO,INDICATIVO,INDICATIVO,INDICATIVO,INDICATIVO,INDICATIVO,INDICATIVO,INDICATIVO,INDICATIVO,INDICATIVO,INDICATIVO,INDICATIVO,INDICATIVO,INDICATIVO,INDICATIVO,INDICATIVO,INDICATIVO,INDICATIVO,INDICATIVO,INDICATIVO,INDICATIVO,INDICATIVO,INDICATIVO,INDICATIVO,INDICATIVO,INDICATIVO,INDICATIVO,INDICATIVO,INDICATIVO,INDICATIVO,INDICATIVO,INDICATIVO,INDICATIVO,INDICATIVO,INDICATIVO,INDICATIVO,INDICATIVO,INDICATIVO,INDICATIVO,INDICATIVO,INDICATIVO,INDICATIVO,INDICATIVO,CONGIUNTIVO,CONGIUNTIVO,CONGIUNTIVO,CONGIUNTIVO,CONGIUNTIVO,CONGIUNTIVO,CONGIUNTIVO,CONGIUNTIVO,CONGIUNTIVO,CONGIUNTIVO,CONGIUNTIVO,CONGIUNTIVO,CONGIUNTIVO,CONGIUNTIVO,CONGIUNTIVO,CONGIUNTIVO,CONGIUNTIVO,CONGIUNTIVO,CONGIUNTIVO,CONGIUNTIVO,CONGIUNTIVO,CONGIUNTIVO,CONGIUNTIVO,CONGIUNTIVO,CONDIZIONALE,CONDIZIONALE,CONDIZIONALE,CONDIZIONALE,CONDIZIONALE,CONDIZIONALE,CONDIZIONALE,CONDIZIONALE,CONDIZIONALE,CONDIZIONALE,CONDIZIONALE,CONDIZIONALE,IMPERATIVO,IMPERATIVO,IMPERATIVO,IMPERATIVO,IMPERATIVO,FRANCESE,
PRESENTE,PASSATO,PRESENTE,PASSATO,PRESENTE,PASSATO,PRESENTE,PRESENTE,PRESENTE,PRESENTE,PRESENTE,PRESENTE,IMPERFETTO,IMPERFETTO,IMPERFETTO,IMPERFETTO,IMPERFETTO,IMPERFETTO,PASSATO REMOTO,PASSATO REMOTO,PASSATO REMOTO,PASSATO REMOTO,PASSATO REMOTO,PASSATO REMOTO,FUTURO SEMPLICE,FUTURO SEMPLICE,FUTURO SEMPLICE,FUTURO SEMPLICE,FUTURO SEMPLICE,FUTURO SEMPLICE,PASSATO PROSSIMO,PASSATO PROSSIMO,PASSATO PROSSIMO,PASSATO PROSSIMO,PASSATO PROSSIMO,PASSATO PROSSIMO,TRAPASSATO PROSSIMO,TRAPASSATO PROSSIMO,TRAPASSATO PROSSIMO,TRAPASSATO PROSSIMO,TRAPASSATO PROSSIMO,TRAPASSATO PROSSIMO,TRAPASSATO REMOTO,TRAPASSATO REMOTO,TRAPASSATO REMOTO,TRAPASSATO REMOTO,TRAPASSATO REMOTO,TRAPASSATO REMOTO,FUTURO ANTERIORE,FUTURO ANTERIORE,FUTURO ANTERIORE,FUTURO ANTERIORE,FUTURO ANTERIORE,FUTURO ANTERIORE,PRESENTE,PRESENTE,PRESENTE,PRESENTE,PRESENTE,PRESENTE,IMPERFETTO,IMPERFETTO,IMPERFETTO,IMPERFETTO,IMPERFETTO,IMPERFETTO,PASSATO,PASSATO,PASSATO,PASSATO,PASSATO,PASSATO,TRAPASSATO,TRAPASSATO,TRAPASSATO,TRAPASSATO,TRAPASSATO,TRAPASSATO,PRESENTE,PRESENTE,PRESENTE,PRESENTE,PRESENTE,PRESENTE,PASSATO,PASSATO,PASSATO,PASSATO,PASSATO,PASSATO,PRESENTE,PRESENTE,PRESENTE,PRESENTE,PRESENTE,/,
/,/,/,/,/,/,IO,TU,LUI/LEI,NOI,VOI,LORO,IO,TU,LUI/LEI,NOI,VOI,LORO,IO,TU,LUI/LEI,NOI,VOI,LORO,IO,TU,LUI/LEI,NOI,VOI,LORO,IO,TU,LUI/LEI,NOI,VOI,LORO,IO,TU,LUI/LEI,NOI,VOI,LORO,IO,TU,LUI/LEI,NOI,VOI,LORO,IO,TU,LUI/LEI,NOI,VOI,LORO,IO,TU,LUI/LEI,NOI,VOI,LORO,IO,TU,LUI/LEI,NOI,VOI,LORO,IO,TU,LUI/LEI,NOI,VOI,LORO,IO,TU,LUI/LEI,NOI,VOI,LORO,IO,TU,LUI/LEI,NOI,VOI,LORO,IO,TU,LUI/LEI,NOI,VOI,LORO,TU,LUI/LEI,NOI,VOI,LORO,/,
essere,essere stato,essente,stato,essendo,essendo stato,sono,sei,è,siamo,siete,sono,ero,eri,era,eravamo,eravata,erano,fui,fosti,fu,fummo,foste,furono,sarò,sarai,sarà,saremo,sarete,saranno,sono stato,sei stato,è stato,siamo stati,siete stati,sono stati,ero stato,eri stato,era stato,eravamo stati,eravate stati,erano stati,fui stato,fosti stato,fu stato,fummo stati,foste stati,furono stati,sarò stato,sarai stato,sarà stato,saremo stati,sarete stati,saranno stati,sia,sia,sia,siamo,siate,siano,fossi,fossi,fosse,fossimo,foste,fossero,sia stato,sia stato,sia stato,siamo stati,siate stati,siano stati,fossi stato,fossi stato,fosse stato,fossimo stati,foste stati,fossero stati,sarei,saresti,sarebbe,saremmo,sareste,sarebbero,sarei stato,saresti stato,sarebbe stato,saremmo stati,sareste stati,sarebbero stati,sii,sia,siamo,siate,siano,être,
avere,avere avuto,avente,avuto,avendo,avendo avuto,ho,hai,ha,abbiamo,avete,hanno,avevo,avevi,aveva,avevamo,avevate,avevano,ebbi,avesti,ebbe,avemmo,aveste,ebbero,avrò,avrai,avrà,avremo,avrete,avranno,ho avuto,hai avuto,ha avuto,abbiamo avuto,avete avuto,hanno avuto,avevo avuto,avevi avuto,aveva avuto,avevamo avuto,avevate avuto,avevano avuto,ebbi avuto,avesti avuto,ebbe avuto,avemmo avuto,aveste avuto,ebbero avuto,avrò avuto,avrai avuto,avrà avuto,avremo avuto,avrete avuto,avranno avuto,abbia,abbia,abbia,abbiamo,abbiate,abbiano,avessi,avessi,avesse,avessimo,aveste,avessero,abbia avuto,abbia avuto,abbia avuto,abbiamo avuto,abbiate avuto,abbiano avuto,avessi avuto,avessi avuto,avesse avuto,avessimo avuto,aveste avuto,avessero avuto,avrei,avresti,avrebbe,avremmo,avreste,avrebbero,avrei avuto,avresti avuto,avrebbe avuto,avremmo avuto,avreste avuto,avrebbero avuto,abbi,abbia,abbiamo,abbiate,abbiano,avoir,
andare,essere andato,andante,andato,andando,essendo andato,vado,vai,va,andiamo,andate,vanno,andavo,andavi,andava,andavamo,andavate,andavano,andai,andasti,andò,andammo,andaste,andarono,andrò,andrai,andrà,andremo,andrete,andranno,sono andato,sei andato,è andato,siamo andati,siete andati,sono andati,ero andato,eri andato,era andato,eravamo andati,eravate andati,erano andati,fui andato,fosti andato,fu andato,fummo andati,foste andati,furono andati,sarò andato,sarai andato,sarà andato,saremo andati,sarete andati,saranno andati,vada,vada,vada,andiamo,andiate,vadano,andassi,andassi,andasse,andassimo,andaste,andassero,sia andato,sia andato,sia andato,siamo andati,siate andati,siano andati,fossi andato,fossi andato,fosse andato,fossimo andati,foste andati,fossero andati,andrei,andresti,andrebbe,andremmo,andreste,andrebbero,sarei andato,saresti andato,sarebbe andato,saremmo andati,sareste andati,sarebbero andati,va',vada,andiamo,andate,vadano,aller,
fare,avere fatto,facente,fatto,facendo,avendo fatto,faccio,fai,fa,facciamo,fate,fanno,facevo,facevi,faceva,facevamo,facevate,facevano,feci,facesti,fece,facemmo,faceste,fecero,farò,farai,farà,faremo,farete,faranno,ho fatto,hai fatto,ha fatto,abbiamo fatto,avete fatto,hanno fatto,avevo fatto,avevi fatto,aveva fatto,avevamo fatto,avevate fatto,avevano fatto,ebbi fatto,avesti fatto,ebbe fatto,avemmo fatto,aveste fatto,ebbero fatto,avrò fatto,avrai fatto,avrà fatto,avremo fatto,avrete fatto,avranno fatto,faccia,faccia,faccia,facciamo,facciate,facciano,facessi,facessi,facesse,facessimo,faceste,facessero,abbia fatto,abbia fatto,abbia fatto,abbiamo fatto,abbiate fatto,abbiano fatto,avessi fatto,avessi fatto,avesse fatto,avessimo fatto,aveste fatto,avessero fatto,farei,faresti,farebbe,faremmo,fareste,farebbero,avrei fatto,avresti fatto,avrebbe fatto,avremmo fatto,avreste fatto,avrebbero fatto,fa',faccia,facciamo,fate,facciano,faire,
potere,avere potuto,potente,potuto,potendo,avendo potuto,posso,puoi,può,possiamo,potete,possono,potevo,potevi,poteva,potevamo,potevate,potevano,potei,potesti,poté,potemmo,poteste,poterono,potrò,potrai,potrà,potremo,potrete,potranno,ho potuto,hai potuto,ha potuto,abbiamo potuto,avete potuto,hanno potuto,avevo potuto,avevi potuto,aveva potuto,avevamo potuto,avevate potuto,avevano potuto,ebbi potuto,avesti potuto,ebbe potuto,avemmo potuto,aveste potuto,ebbero potuto,avrò potuto,avrai potuto,avrà potuto,avremo potuto,avrete potuto,avranno potuto,possa,possa,possa,possiamo,possiate,possano,potessi,potessi,potesse,potessimo,poteste,potessero,abbia potuto,abbia potuto,abbia potuto,abbiamo potuto,abbiate potuto,abbiano potuto,avessi potuto,avessi potuto,avesse potuto,avessimo potuto,aveste potuto,avessero potuto,potrei,potresti,potrebbe,potremmo,potreste,potrebbero,avrei potuto,avresti potuto,avrebbe potuto,avremmo potuto,avreste potuto,avrebbero potuto,,,,,,pouvoir,
volere,avere voluto,volente,voluto,volendo,avendo voluto,voglio,vuoi,vuole,vogliamo,volete,vogliono,volevo,volevi,voleva,volevamo,volevate,volevano,volli,volesti,volle,volemmo,voleste,vollero,vorrò,vorrai,vorrà,vorremo,vorrete,vorranno,ho voluto,hai voluto,ha voluto,abbiamo voluto,avete voluto,hanno voluto,avevo voluto,avevi voluto,aveva voluto,avevamo voluto,avevate voluto,avevano voluto,ebbi voluto,avesti voluto,ebbe voluto,avemmo voluto,aveste voluto,ebbero voluto,avrò voluto,avrai voluto,avrà voluto,avremo voluto,avrete voluto,avranno voluto,voglia,voglia,voglia,vogliamo,vogliate,vogliano,volessi,volessi,volesse,volessimo,voleste,volessero,abbia voluto,abbia voluto,abbia voluto,abbiamo voluto,abbiate voluto,abbiano voluto,avessi voluto,avessi voluto,avesse voluto,avessimo voluto,aveste voluto,avessero voluto,vorrei,vorresti,vorrebbe,vorremmo,vorreste,vorrebbero,avrei voluto,avresti voluto,avrebbe voluto,avremmo voluto,avreste voluto,avrebbero voluto,vogli,voglia,vogliamo,vogliate,vogliano,vouloir,
venire,essere venuto,veniente,venuto,venendo,essendo venuto,vengo,vieni,viene,veniamo,venite,vengono,venivo,venivi,veniva,venivamo,venivate,venivano,venni,venisti,venne,venimmo,veniste,vennero,verrò,verrai,verrà,verremo,verrete,verranno,sono venuto,sei venuto,è venuto,siamo venuti,siete venuti,sono venuti,ero venuto,eri venuto,era venuto,eravamo venuti,eravate venuti,erano venuti,fui venuto,fosti venuto,fu venuto,fummo venuti,foste venuti,furono venuti,sarò venuto,sarai venuto,sarà venuto,saremo venuti,sarete venuti,saranno venuti,venga,venga,venga,veniamo,veniate,vengano,venissi,venissi,venisse,venissimo,veniste,venissero,sia venuto,sia venuto,sia venuto,siamo venuti,siate venuti,siano venuti,fossi venuto,fossi venuto,fosse venuto,fossimo venuti,foste venuti,fossero venuti,verrei,verresti,verrebbe,verremmo,verreste,verrebbero,sarei venuto,saresti venuto,sarebbe venuto,saremmo venuti,sareste venuti,sarebbero venuti,vieni,venga,veniamo,venite,vengano,venir,
dovere,avere dovuto,dovente,dovuto,dovendo,avendo dovuto,devo,devi,deve,dobbiamo,dovete,devono,dovevo,dovevi,doveva,dovevamo,dovevate,dovevano,dovetti,dovesti,dovette,dovemmo,doveste,dovettero,dovrò,dovrai,dovrà,dovremo,dovrete,dovranno,ho dovuto,hai dovuto,ha dovuto,abbiamo dovuto,avete dovuto,hanno dovuto,avevo dovuto,avevi dovuto,aveva dovuto,avevamo dovuto,avevate dovuto,avevano dovuto,ebbi dovuto,avesti dovuto,ebbe dovuto,avemmo dovuto,aveste dovuto,ebbero dovuto,avrò dovuto,avrai dovuto,avrà dovuto,avremo dovuto,avrete dovuto,avranno dovuto,debba,debba,debba,dobbiamo,dobbiate,debbano,dovessi,dovessi,dovesse,dovessimo,doveste,dovessero,abbia dovuto,abbia dovuto,abbia dovuto,abbiamo dovuto,abbiate dovuto,abbiano dovuto,avessi dovuto,avessi dovuto,avesse dovuto,avessimo dovuto,aveste dovuto,avessero dovuto,dovrei,dovresti,dovrebbe,dovremmo,dovreste,dovrebbero,avrei dovuto,avresti dovuto,avrebbe dovuto,avremmo dovuto,avreste dovuto,avrebbero dovuto,,,,,,devoir,
dare,avere dato,dante,dato,dando,avendo dato,do,dai,dà,diamo,date,danno,davo,davi,dava,davamo,davate,davano,diedi,desti,diede,demmo,deste,diedero,darò,darai,darà,daremo,darete,daranno,ho dato,hai dato,ha dato,abbiamo dato,avete dato,hanno dato,avevo dato,avevi dato,aveva dato,avevamo dato,avevate dato,avevano dato,ebbi dato,avesti dato,ebbe dato,avemmo dato,aveste dato,ebbero dato,avrò dato,avrai dato,avrà dato,avremo dato,avrete dato,avranno dato,dia,dia,dia,diamo,diate,diano,dessi,dessi,desse,dessimo,deste,dessero,abbia dato,abbia dato,abbia dato,abbiamo dato,abbiate dato,abbiano dato,avessi dato,avessi dato,avesse dato,avessimo dato,aveste dato,avessero dato,darei,daresti,darebbe,daremmo,dareste,darebbero,avrei dato,avresti dato,avrebbe dato,avremmo dato,avreste dato,avrebbero dato,da',dia,diamo,date,diano,donner,
stare,essere stato,stante,stato,stando,essendo stato,sto,stai,sta,stiamo,state,stanno,stavo,stavi,stava,stavamo,stavate,stavano,stetti,stesti,stette,stemmo,steste,stettero,starò,starai,starà,staremo,starete,staranno,sono stato,sei stato,è stato,siamo stati,siete stati,sono stati,ero stato,eri stato,era stato,eravamo stati,eravate stati,erano stati,fui stato,fosti stato,fu stato,fummo stati,foste stati,furono stati,sarò stato,sarai stato,sarà stato,saremo stati,sarete stati,saranno stati,stia,stia,stia,stiamo,stiate,stiano,stessi,stessi,stesse,stessimo,steste,stessero,sia stato,sia stato,sia stato,siamo stati,siate stati,siano stati,fossi stato,fossi stato,fosse stato,fossimo stati,foste stati,fossero stati,starei,staresti,starebbe,staremmo,stareste,starebbero,sarei stato,saresti stato,sarebbe stato,saremmo stati,sareste stati,sarebbero stati,sta',stia,stiamo,state,stiano,rester,
dire,avere detto,dicente,detto,dicendo,avendo detto,dico,dici,dice,diciamo,dite,dicono,dicevo,dicevi,diceva,dicevamo,dicevate,dicevano,dissi,dicesti,disse,dicemmo,diceste,dissero,dirò,dirai,dirà,diremo,direte,diranno,ho detto,hai detto,ha detto,abbiamo detto,avete detto,hanno detto,avevo detto,avevi detto,aveva detto,avevamo detto,avevate detto,avevano detto,ebbi detto,avesti detto,ebbe detto,avemmo detto,aveste detto,ebbero detto,avrò detto,avrai detto,avrà detto,avremo detto,avrete detto,avranno detto,dica,dica,dica,diciamo,diciate,dicano,dicessi,dicessi,dicesse,dicessimo,diceste,dicessero,abbia detto,abbia detto,abbia detto,abbiamo detto,abbiate detto,abbiano detto,avessi detto,avessi detto,avesse detto,avessimo detto,aveste detto,avessero detto,direi,diresti,direbbe,diremmo,direste,direbbero,avrei detto,avresti detto,avrebbe detto,avremmo detto,avreste detto,avrebbero detto,di',dica,diciamo,dite,dicano,dire,
vedere,avere visto,vedente,visto,vedendo,avendo visto,vedo,vedi,vede,vediamo,vedete,vedono,vedevo,vedevi,vedeva,vedevamo,vedevate,vedevano,vidi,vedesti,vide,vedemmo,vedeste,videro,vedrò,vedrai,vedrà,vedremo,vedrete,vedranno,ho visto,hai visto,ha visto,abbiamo visto,avete visto,hanno visto,avevo visto,avevi visto,aveva visto,avevamo visto,avevate visto,avevano visto,ebbi visto,avesti visto,ebbe visto,avemmo visto,aveste visto,ebbero visto,avrò visto,avrai visto,avrà visto,avremo visto,avrete visto,avranno visto,veda,veda,veda,vediamo,vediate,vedano,vedessi,vedessi,vedesse,vedessimo,vedeste,vedessero,abbia visto,abbia visto,abbia visto,abbiamo visto,abbiate visto,abbiano visto,avessi visto,avessi visto,avesse visto,avessimo visto,aveste visto,avessero visto,vedrei,vedresti,vedrebbe,vedremmo,vedreste,vedrebbero,avrei visto,avresti visto,avrebbe visto,avremmo visto,avreste visto,avrebbero visto,vedi,veda,vediamo,vedete,vedano,voir,
sapere,avere saputo,sapente,saputo,sapendo,avendo saputo,so,sai,sa,sappiamo,sapete,sanno,sapevo,sapevi,sapeva,sapevamo,sapevate,sapevano,seppi,sapesti,seppe,sapemmo,sapeste,seppero,saprò,saprai,saprà,sapremo,saprete,sapranno,ho saputo,hai saputo,ha saputo,abbiamo saputo,avete saputo,hanno saputo,avevo saputo,avevi saputo,aveva saputo,avevamo saputo,avevate saputo,avevano saputo,ebbi saputo,avesti saputo,ebbe saputo,avemmo saputo,aveste saputo,ebbero saputo,avrò saputo,avrai saputo,avrà saputo,avremo saputo,avrete saputo,avranno saputo,sappia,sappia,sappia,sappiamo,sappiate,sappiano,sapessi,sapessi,sapesse,sapessimo,sapeste,sapessero,abbia saputo,abbia saputo,abbia saputo,abbiamo saputo,abbiate saputo,abbiano saputo,avessi saputo,avessi saputo,avesse saputo,avessimo saputo,aveste saputo,avessero saputo,saprei,sapresti,saprebbe,sapremmo,sapreste,saprebbero,avrei saputo,avresti saputo,avrebbe saputo,avremmo saputo,avreste saputo,avrebbero saputo,sappi,sappia,sappiamo,sappiate,sappiano,savoir,
prendere,avere preso,prendente,preso,prendendo,avendo preso,prendo,prendi,prende,prendiamo,prendete,prendono,prendevo,prendevi,prendeva,prendevamo,prendevate,prendevano,presi,prendesti,prese,prendemmo,prendeste,presero,prenderò,prenderai,prenderà,prenderemo,prenderete,prenderanno,ho preso,hai preso,ha preso,abbiamo preso,avete preso,hanno preso,avevo preso,avevi preso,aveva preso,avevamo preso,avevate preso,avevano preso,ebbi preso,avesti preso,ebbe preso,avemmo preso,aveste preso,ebbero preso,avrò preso,avrai preso,avrà preso,avremo preso,avrete preso,avranno preso,prenda,prenda,prenda,prendiamo,prendiate,prendano,prendessi,prendessi,prendesse,prendessimo,prendeste,prendessero,abbia preso,abbia preso,abbia preso,abbiamo preso,abbiate preso,abbiano preso,avessi preso,avessi preso,avesse preso,avessimo preso,aveste preso,avessero preso,prenderei,prenderesti,prenderebbe,prenderemmo,prendereste,prenderebbero,avrei preso,avresti preso,avrebbe preso,avremmo preso,avreste preso,avrebbero preso,prendi,prenda,prendiamo,prendete,prendano,prendre,
uscire,essere uscito,uscente,uscito,uscendo,essendo uscito,esco,esci,esce,usciamo,uscite,escono,uscivo,uscivi,usciva,uscivamo,uscivate,uscivano,uscii,uscisti,uscì,uscimmo,usciste,uscirono,uscirò,uscirai,uscirà,usciremo,uscirete,usciranno,sono uscito,sei uscito,è uscito,siamo usciti,siete usciti,sono usciti,ero uscito,eri uscito,era uscito,eravamo usciti,eravate usciti,erano usciti,fui uscito,fosti uscito,fu uscito,fummo usciti,foste usciti,furono usciti,sarò uscito,sarai uscito,sarà uscito,saremo usciti,sarete usciti,saranno usciti,esca,esca,esca,usciamo,usciate,escano,uscissi,uscissi,uscisse,uscissimo,usciste,uscissero,sia uscito,sia uscito,sia uscito,siamo usciti,siate usciti,siano usciti,fossi uscito,fossi uscito,fosse uscito,fossimo usciti,foste usciti,fossero usciti,uscirei,usciresti,uscirebbe,usciremmo,uscireste,uscirebbero,sarei uscito,saresti uscito,sarebbe uscito,saremmo usciti,sareste usciti,sarebbero usciti,esci,esca,usciamo,uscite,escano,sortir,
mangiare,avere mangiato,mangiante,mangiato,mangiando,avendo mangiato,mangio,mangi,mangia,mangiamo,mangiate,mangiano,mangiavo,mangiavi,mangiava,mangiavamo,mangiavate,mangiavano,mangiai,mangiasti,mangiò,mangiammo,mangiaste,mangiarono,mangerò,mangerai,mangerà,mangeremo,mangerete,mangeranno,ho mangiato,hai mangiato,ha mangiato,abbiamo mangiato,avete mangiato,hanno mangiato,avevo mangiato,avevi mangiato,aveva mangiato,avevamo mangiato,avevate mangiato,avevano mangiato,ebbi mangiato,avesti mangiato,ebbe mangiato,avemmo mangiato,aveste mangiato,ebbero mangiato,avrò mangiato,avrai mangiato,avrà mangiato,avremo mangiato,avrete mangiato,avranno mangiato,mangi,mangi,mangi,mangiamo,mangiate,mangino,mangiassi,mangiassi,mangiasse,mangiassimo,mangiaste,mangiassero,abbia mangiato,abbia mangiato,abbia mangiato,abbiamo mangiato,abbiate mangiato,abbiano mangiato,avessi mangiato,avessi mangiato,avesse mangiato,avessimo mangiato,aveste mangiato,avessero mangiato,mangerei,mangeresti,mangerebbe,mangeremmo,mangereste,mangerebbero,avrei mangiato,avresti mangiato,avesse mangiato,avessimo mangiato,aveste mangiato,avessero mangiato,mangia,mangi,mangiamo,mangiate,mangino,manger,
parlare,avere parlato,parlante,parlato,parlando,avendo parlato,parlo,parli,parla,parliamo,parlate,parlano,parlavo,parlavi,parlava,parlavamo,parlavate,parlavano,parlai,parlasti,parlò,parlammo,parlaste,parlarono,parlerò,parlerai,parlerà,parleremo,parlerete,parleranno,ho parlato,hai parlato,ha parlato,abbiamo parlato,avete parlato,hanno parlato,avevo parlato,avevi parlato,aveva parlato,avevamo parlato,avevate parlato,avevano parlato,ebbi parlato,avesti parlato,ebbe parlato,avemmo parlato,aveste parlato,ebbero parlato,avrò parlato,avrai parlato,avrà parlato,avremo parlato,avrete parlato,avranno parlato,parli,parli,parli,parliamo,parliate,parlino,parlassi,parlassi,parlasse,parlassimo,parlaste,parlassero,abbia parlato,abbia parlato,abbia parlato,abbiamo parlato,abbiate parlato,abbiano parlato,avessi parlato,avessi parlato,avesse parlato,avessimo parlato,aveste parlato,avessero parlato,parlerei,parleresti,parlerebbe,parleremmo,parlereste,parlerebbero,avrei parlato,avresti parlato,avrebbe parlato,avremmo parlato,avreste parlato,avrebbero parlato,parla,parli,parliamo,parlate,parlino,parler,
piacere,essere piaciuto,piacente,piaciuto,piacendo,essendo piaciuto,piaccio,piaci,piace,piacciamo,piacete,piacciono,piacevo,piacevi,piaceva,piacevamo,piacevate,piacevano,piacqui,piacesti,piacque,piacemmo,piaceste,piacquero,piacerò,piacerai,piacerà,piaceremo,piacerete,piaceranno,sono piaciuto,sei piaciuto,è piaciuto,siamo piaciuti,siete piaciuti,sono piaciuti,ero piaciuto,eri piaciuto,era piaciuto,eravamo piaciuti,eravate piaciuti,erano piaciuti,fui piaciuto,fosti piaciuto,fu piaciuto,fummo piaciuti,foste piaciuti,furono piaciuti,sarò piaciuto,sarai piaciuto,sarà piaciuto,saremo piaciuti,sarete piaciuti,saranno piaciuti,piaccia,piaccia,piaccia,piacciamo,piacciate,piacciano,piacessi,piacessi,piacesse,piacessimo,piaceste,piacessero,sia piaciuto,sia piaciuto,sia piaciuto,siamo piaciuti,siate piaciuti,siano piaciuti,fossi piaciuto,fossi piaciuto,fosse piaciuto,fossimo piaciuti,foste piaciuti,fossero piaciuti,piacerei,piaceresti,piacerebbe,piaceremmo,piacereste,piacerebbero,sarei piaciuto,saresti piaciuto,sarebbe piaciuto,saremmo piaciuti,sareste piaciuti,sarebbero piaciuti,piaci,piaccia,piacciamo,piacete,piacciano,plaire,
finire,avere finito,finente,finito,finendo,avendo finito,finisco,finisci,finisce,finiamo,finite,finiscono,finivo,finivi,finiva,finivamo,finivate,finivano,finii,finisti,finì,finimmo,finiste,finirono,finirò,finirai,finirà,finiremo,finirete,finiranno,ho finito,hai finito,ha finito,abbiamo finito,avete finito,hanno finito,avevo finito,avevi finito,aveva finito,avevamo finito,avevate finito,avevano finito,ebbi finito,avesti finito,ebbe finito,avemmo finito,aveste finito,ebbero finito,avrò finito,avrai finito,avrà finito,avremo finito,avrete finito,avranno finito,finisca,finisca,finisca,finiamo,finiate,finiscano,finissi,finissi,finisse,finissimo,finiste,finissero,abbia finito,abbia finito,abbia finito,abbiamo finito,abbiate finito,abbiano finito,avessi finito,avessi finito,avesse finito,avessimo finito,aveste finito,avessero finito,finirei,finiresti,finirebbe,finiremmo,finireste,finirebbero,avrei finito,avresti finito,avrebbe finito,avremmo finito,avreste finito,avrebbero finito,finisci,finisca,finiamo,finite,finiscano,finir,
capire,avere capito,capiente,capito,capendo,avendo capito,capisco,capisci,capisce,capiamo,capite,capiscono,capivo,capivi,capiva,capivamo,capivate,capivano,capii,capisti,capì,capimmo,capiste,capirono,capirò,capirai,capirà,capiremo,capirete,capiranno,ho capito,hai capito,ha capito,abbiamo capito,avete capito,hanno capito,avevo capito,avevi capito,aveva capito,avevamo capito,avevate capito,avevano capito,ebbi capito,avesti capito,ebbe capito,avemmo capito,aveste capito,ebbero capito,avrò capito,avrai capito,avrà capito,avremo capito,avrete capito,avranno capito,capisca,capisca,capisca,capiamo,capiate,capiscano,capissi,capissi,capisse,capissimo,capiste,capissero,abbia capito,abbia capito,abbia capito,abbiamo capito,abbiate capito,abbiano capito,avessi capito,avessi capito,avesse capito,avessimo capito,aveste capito,avessero capito,capirei,capiresti,capirebbe,capiremmo,capireste,capirebbero,avrei capito,avresti capito,avrebbe capito,avremmo capito,avreste capito,avrebbero capito,capisci,capisca,capiamo,capite,capiscano,comprendre,
leggere,avere letto,leggente,letto,leggendo,avendo letto,leggo,leggi,legge,leggiamo,leggete,leggono,leggevo,leggevi,leggeva,leggevamo,leggevate,leggevano,lessi,leggesti,lesse,leggemmo,leggeste,lessero,leggerò,leggerai,leggerà,leggeremo,leggerete,leggeranno,ho letto,hai letto,ha letto,abbiamo letto,avete letto,hanno letto,avevo letto,avevi letto,aveva letto,avevamo letto,avevate letto,avevano letto,ebbi letto,avesti letto,ebbe letto,avemmo letto,aveste letto,ebbero letto,avrò letto,avrai letto,avrà letto,avremo letto,avrete letto,avranno letto,legga,legga,legga,leggiamo,leggiate,leggano,leggessi,leggessi,leggesse,leggessimo,leggeste,leggessero,abbia letto,abbia letto,abbia letto,abbiamo letto,abbiate letto,abbiano letto,avessi letto,avessi letto,avesse letto,avessimo letto,aveste letto,avessero letto,leggerei,leggeresti,leggerebbe,leggeremmo,leggereste,leggerebbero,avrei letto,avresti letto,avrebbe letto,avremmo letto,avreste letto,avrebbero letto,leggi,legga,leggiamo,leggete,leggano,lire,
bere,avere bevuto,bevente,bevuto,bevendo,avendo bevuto,bevo,bevi,beve,beviamo,bevete,bevono,bevevo,bevevi,beveva,bevevamo,bevevate,bevevano,bevvi,bevesti,bevve,bevemmo,beveste,bevvero,berrò,berrai,berrà,berremo,berrete,berranno,ho bevuto,hai bevuto,ha bevuto,abbiamo bevuto,avete bevuto,hanno bevuto,avevo bevuto,avevi bevuto,aveva bevuto,avevamo bevuto,avevate bevuto,avevano bevuto,ebbi bevuto,avesti bevuto,ebbe bevuto,avemmo bevuto,aveste bevuto,ebbero bevuto,avrò bevuto,avrai bevuto,avrà bevuto,avremo bevuto,avrete bevuto,avranno bevuto,beva,beva,beva,beviamo,beviate,bevano,bevessi,bevessi,bevesse,bevessimo,beveste,bevessero,abbia bevuto,abbia bevuto,abbia bevuto,abbiamo bevuto,abbiate bevuto,abbiano bevuto,avessi bevuto,avessi bevuto,avesse bevuto,avessimo bevuto,aveste bevuto,avessero bevuto,berrei,berresti,berrebbe,berremmo,berreste,berrebbero,avrei bevuto,avresti bevuto,avrebbe bevuto,avremmo bevuto,avreste bevuto,avrebbero bevuto,bevi,beva,beviamo,bevete,bevano,boire,
arrivare,essere arrivato,arrivante,arrivato,arrivando,essendo arrivato,arrivo,arrivi,arriva,arriviamo,arrivate,arrivano,arrivavo,arrivavi,arrivava,arrivavamo,arrivavate,arrivavano,arrivai,arrivasti,arrivò,arrivammo,arrivaste,arrivarono,arriverò,arriverai,arriverà,arriveremo,arriverete,arriveranno,sono arrivato,sei arrivato,è arrivato,siamo arrivati,siete arrivati,sono arrivati,ero arrivato,eri arrivato,era arrivato,eravamo arrivati,eravate arrivati,erano arrivati,fui arrivato,fosti arrivato,fu arrivato,fummo arrivati,foste arrivati,furono arrivati,sarò arrivato,sarai arrivato,sarà arrivato,saremo arrivati,sarete arrivati,saranno arrivati,arrivi,arrivi,arrivi,arriviamo,arriviate,arrivino,arrivassi,arrivassi,arrivasse,arrivassimo,arrivaste,arrivassero,sia arrivato,sia arrivato,sia arrivato,siamo arrivati,siate arrivati,siano arrivati,fossi arrivato,fossi arrivato,fosse arrivato,fossimo arrivati,foste arrivati,fossero arrivati,arriverei,arriveresti,arriverebbe,arriveremmo,arrivereste,arriverebbero,sarei arrivato,saresti arrivato,sarebbe arrivato,saremmo arrivati,sareste arrivati,sarebbero arrivati,arriva,arrivi,arriviamo,arrivate,arrivino,arriver,
mettere,avere messo,mettente,messo,mettendo,avendo messo,metto,metti,mette,mettiamo,mettete,mettono,mettevo,mettevi,metteva,mettevamo,mettevate,mettevano,misi,mettesti,mise,mettemmo,metteste,misero,metterò,metterai,metterà,metteremo,metterete,metteranno,ho messo,hai messo,ha messo,abbiamo messo,avete messo,hanno messo,avevo messo,avevi messo,aveva messo,avevamo messo,avevate messo,avevano messo,ebbi messo,avesti messo,ebbe messo,avemmo messo,aveste messo,ebbero messo,avrò messo,avrai messo,avrà messo,avremo messo,avrete messo,avranno messo,metta,metta,metta,mettiamo,mettiate,mettano,mettessi,mettessi,mettesse,mettessimo,metteste,mettessero,abbia messo,abbia messo,abbia messo,abbiamo messo,abbiate messo,abbiano messo,avessi messo,avessi messo,avesse messo,avessimo messo,aveste messo,avessero messo,metterei,metteresti,metterebbe,metteremmo,mettereste,metterebbero,avrei messo,avresti messo,avrebbe messo,avremmo messo,avreste messo,avrebbero messo,metti,metta,mettiamo,mettete,mettano,mettre,
rimanere,essere rimasto,rimanente,rimasto,rimanendo,essendo rimasto,rimango,rimani,rimane,rimaniamo,rimanete,rimangono,rimanevo,rimanevi,rimaneva,rimanevamo,rimanevate,rimanevano,rimasi,rimanesti,rimase,rimanemmo,rimaneste,rimasero,rimarrò,rimarrai,rimarrà,rimarremo,rimarrete,rimarranno,sono rimasto,sei rimasto,è rimasto,siamo rimasti,siete rimasti,sono rimasti,ero rimasto,eri rimasto,era rimasto,eravamo rimasti,eravate rimasti,erano rimasti,fui rimasto,fosti rimasto,fu rimasto,fummo rimasti,foste rimasti,furono rimasti,sarò rimasto,sarai rimasto,sarà rimasto,saremo rimasti,sarete rimasti,saranno rimasti,rimanga,rimanga,rimanga,rimaniamo,rimaniate,rimangano,rimanessi,rimanessi,rimanesse,rimanessimo,rimaneste,rimanessero,sia rimasto,sia rimasto,sia rimasto,siamo rimasti,siate rimasti,siano rimasti,fossi rimasto,fossi rimasto,fosse rimasto,fossimo rimasti,foste rimasti,fossero rimasti,rimarrei,rimarresti,rimarrebbe,rimarremmo,rimarreste,rimarrebbero,sarei rimasto,saresti rimasto,sarebbe rimasto,saremmo rimasti,sareste rimasti,sarebbero rimasti,rimani,rimanga,rimaniamo,rimanete,rimangano,rester,
partire,essere partito,partente,partito,partendo,essendo partito,parto,parti,parte,partiamo,partite,partono,partivo,partivi,partiva,partivamo,partivate,partivano,partii,partisti,partì,partimmo,partiste,partirono,partirò,partirai,partirà,partiremo,partirete,partiranno,sono partito,sei partito,è partito,siamo partiti,siete partiti,sono partiti,ero partito,eri partito,era partito,eravamo partiti,eravate partiti,erano partiti,fui partito,fosti partito,fu partito,fummo partiti,foste partiti,furono partiti,sarò partito,sarai partito,sarà partito,saremo partiti,sarete partiti,saranno partiti,parta,parta,parta,partiamo,partiate,partano,partissi,partissi,partisse,partissimo,partiste,partissero,sia partito,sia partito,sia partito,siamo partiti,siate partiti,siano partiti,fossi partito,fossi partito,fosse partito,fossimo partiti,foste partiti,fossero partiti,partirei,partiresti,partirebbe,partiremmo,partireste,partirebbero,sarei partito,saresti partito,sarebbe partito,saremmo partiti,sareste partiti,sarebbero partiti,parti,parta,partiamo,partite,partano,partir,
amare,avere amato,amante,amato,amando,avendo amato,amo,ami,ama,amiamo,amate,amano,amavo,amavi,amava,amavamo,amavate,amavano,amai,amasti,amò,amammo,amaste,amarono,amerò,amerai,amerà,ameremo,amerete,ameranno,ho amato,hai amato,ha amato,abbiamo amato,avete amato,hanno amato,avevo amato,avevi amato,aveva amato,avevamo amato,avevate amato,avevano amato,ebbi amato,avesti amato,ebbe amato,avemmo amato,aveste amato,ebbero amato,avrò amato,avrai amato,avrà amato,avremo amato,avrete amato,avranno amato,ami,ami,ami,amiamo,amiate,amino,amassi,amassi,amasse,amassimo,amaste,amassero,abbia amato,abbia amato,abbia amato,abbiamo amato,abbiate amato,abbiano amato,avessi amato,avessi amato,avesse amato,avessimo amato,aveste amato,avessero amato,amerei,ameresti,amerebbe,ameremmo,amereste,amerebbero,avrei amato,avresti amato,avrebbe amato,avremmo amato,avreste amato,avrebbero amato,ama,ami,amiamo,amate,amino,aimer,
vivere,avere vissuto,vivente,vissuto,vivendo,avendo vissuto,vivo,vivi,vive,viviamo,vivete,vivono,vivevo,vivevi,viveva,vivevamo,vivevate,vivevano,vissi,vivesti,visse,vivemmo,viveste,vissero,vivrò,vivrai,vivrà,vivremo,vivrete,vivranno,ho vissuto,hai vissuto,ha vissuto,abbiamo vissuto,avete vissuto,hanno vissuto,avevo vissuto,avevi vissuto,aveva vissuto,avevamo vissuto,avevate vissuto,avevano vissuto,ebbi vissuto,avesti vissuto,ebbe vissuto,avemmo vissuto,aveste vissuto,ebbero vissuto,avrò vissuto,avrai vissuto,avrà vissuto,avremo vissuto,avrete vissuto,avranno vissuto,viva,viva,viva,viviamo,viviate,vivano,vivessi,vivessi,vivesse,vivessimo,viveste,vivessero,abbia vissuto,abbia vissuto,abbia vissuto,abbiamo vissuto,abbiate vissuto,abbiano vissuto,avessi vissuto,avessi vissuto,avesse vissuto,avessimo vissuto,aveste vissuto,avessero vissuto,vivrei,vivresti,vivrebbe,vivremmo,vivreste,vivrebbero,avrei vissuto,avresti vissuto,avrebbe vissuto,avremmo vissuto,avreste vissuto,avrebbero vissuto,vivi,viva,viviamo,vivete,vivano,vivre,
dormire,avere dormito,dormente,dormito,dormendo,avendo dormito,dormo,dormi,dorme,dormiamo,dormite,dormono,dormivo,dormivi,dormiva,dormivamo,dormivate,dormivano,dormii,dormisti,dormì,dormimmo,dormiste,dormirono,dormirò,dormirai,dormirà,dormiremo,dormirete,dormiranno,ho dormito,hai dormito,ha dormito,abbiamo dormito,avete dormito,hanno dormito,avevo dormito,avevi dormito,aveva dormito,avevamo dormito,avevate dormito,avevano dormito,ebbi dormito,avesti dormito,ebbe dormito,avemmo dormito,aveste dormito,ebbero dormito,avrò dormito,avrai dormito,avrà dormito,avremo dormito,avrete dormito,avranno dormito,dorma,dorma,dorma,dormiamo,dormiate,dormano,dormissi,dormissi,dormisse,dormissimo,dormiste,dormissero,abbia dormito,abbia dormito,abbia dormito,abbiamo dormito,abbiate dormito,abbiano dormito,avessi dormito,avessi dormito,avesse dormito,avessimo dormito,aveste dormito,avessero dormito,dormirei,dormiresti,dormirebbe,dormiremmo,dormireste,dormirebbero,avrei dormito,avresti dormito,avrebbe dormito,avremmo dormito,avreste dormito,avrebbero dormito,dormi,dorma,dormiamo,dormite,dormano,dormir,
scrivere,avere scritto,scrivente,scritto,scrivendo,avendo scritto,scrivo,scrivi,scrive,scriviamo,scrivete,scrivono,scrivevo,scrivevi,scriveva,scrivevamo,scrivevate,scrivevano,scrissi,scrivesti,scrisse,scrivemmo,scriveste,scrissero,scriverò,scriverai,scriverà,scriveremo,scriverete,scriveranno,ho scritto,hai scritto,ha scritto,abbiamo scritto,avete scritto,hanno scritto,avevo scritto,avevi scritto,aveva scritto,avevamo scritto,avevate scritto,avevano scritto,ebbi scritto,avesti scritto,ebbe scritto,avemmo scritto,aveste scritto,ebbero scritto,avrò scritto,avrai scritto,avrà scritto,avremo scritto,avrete scritto,avranno scritto,scriva,scriva,scriva,scriviamo,scriviate,scrivano,scrivessi,scrivessi,scrivesse,scrivessimo,scriveste,scrivessero,abbia scritto,abbia scritto,abbia scritto,abbiamo scritto,abbiate scritto,abbiano scritto,avessi scritto,avessi scritto,avesse scritto,avessimo scritto,aveste scritto,avessero scritto,scriverei,scriveresti,scriverebbe,scriveremmo,scrivereste,scriverebbero,avrei scritto,avresti scritto,avrebbe scritto,avremmo scritto,avreste scritto,avrebbero scritto,scrivi,scriva,scriviamo,scrivete,scrivano,écrire,
conoscere,avere conosciuto,conoscente,conosciuto,conoscendo,avendo conosciuto,conosco,conosci,conosce,conosciamo,conoscete,conoscono,conoscevo,conoscevi,conosceva,conoscevamo,conoscevate,conoscevano,conobbi,conoscesti,conobbe,conoscemmo,conosceste,conobbero,conoscerò,conoscerai,conoscerà,conosceremo,conoscerete,conosceranno,ho conosciuto,hai conosciuto,ha conosciuto,abbiamo conosciuto,avete conosciuto,hanno conosciuto,avevo conosciuto,avevi conosciuto,aveva conosciuto,avevamo conosciuto,avevate conosciuto,avevano conosciuto,ebbi conosciuto,avesti conosciuto,ebbe conosciuto,avemmo conosciuto,aveste conosciuto,ebbero conosciuto,avrò conosciuto,avrai conosciuto,avrà conosciuto,avremo conosciuto,avrete conosciuto,avranno conosciuto,conosca,conosca,conosca,conosciamo,conosciate,conoscano,conoscessi,conoscessi,conoscesse,conoscessimo,conosceste,conoscessero,abbia conosciuto,abbia conosciuto,abbia conosciuto,abbiamo conosciuto,abbiate conosciuto,abbiano conosciuto,avessi conosciuto,avessi conosciuto,avesse conosciuto,avessimo conosciuto,aveste conosciuto,avessero conosciuto,conoscerei,conosceresti,conoscerebbe,conosceremmo,conoscereste,conoscerebbero,avrei conosciuto,avresti conosciuto,avrebbe conosciuto,avremmo conosciuto,avreste conosciuto,avrebbero conosciuto,conosci,conosca,conosciamo,conoscete,conoscano,connaître,
sentire,avere sentito,sentente,sentito,sentendo,avendo sentito,sento,senti,sente,sentiamo,sentite,sentono,sentivo,sentivi,sentiva,sentivamo,sentivate,sentivano,sentii,sentisti,sentì,sentimmo,sentiste,sentirono,sentirò,sentirai,sentirà,sentiremo,sentirete,sentiranno,ho sentito,hai sentito,ha sentito,abbiamo sentito,avete sentito,hanno sentito,avevo sentito,avevi sentito,aveva sentito,avevamo sentito,avevate sentito,avevano sentito,ebbi sentito,avesti sentito,ebbe sentito,avemmo sentito,aveste sentito,ebbero sentito,avrò sentito,avrai sentito,avrà sentito,avremo sentito,avrete sentito,avranno sentito,senta,senta,senta,sentiamo,sentiate,sentano,sentissi,sentissi,sentisse,sentissimo,sentiste,sentissero,abbia sentito,abbia sentito,abbia sentito,abbiamo sentito,abbiate sentito,abbiano sentito,avessi sentito,avessi sentito,avesse sentito,avessimo sentito,aveste sentito,avessero sentito,sentirei,sentiresti,sentirebbe,sentiremmo,sentireste,sentirebbero,avrei sentito,avresti sentito,avrebbe sentito,avremmo sentito,avreste sentito,avrebbero sentito,senti,senta,sentiamo,sentite,sentano,sentir,
chiedere,avere chiesto,chiedente,chiesto,chiedendo,avendo chiesto,chiedo,chiedi,chiede,chiediamo,chiedete,chiedono,chiedevo,chiedevi,chiedeva,chiedevamo,chiedevate,chiedevano,chiesi,chiedesti,chiese,chiedemmo,chiedeste,chiesero,chiederò,chiederai,chiederà,chiederemo,chiederete,chiederanno,ho chiesto,hai chiesto,ha chiesto,abbiamo chiesto,avete chiesto,hanno chiesto,avevo chiesto,avevi chiesto,aveva chiesto,avevamo chiesto,avevate chiesto,avevano chiesto,ebbi chiesto,avesti chiesto,ebbe chiesto,avemmo chiesto,aveste chiesto,ebbero chiesto,avrò chiesto,avrai chiesto,avrà chiesto,avremo chiesto,avrete chiesto,avranno chiesto,chieda,chieda,chieda,chiediamo,chiediate,chiedano,chiedessi,chiedessi,chiedesse,chiedessimo,chiedeste,chiedessero,abbia chiesto,abbia chiesto,abbia chiesto,abbiamo chiesto,abbiate chiesto,abbiano chiesto,avessi chiesto,avessi chiesto,avesse chiesto,avessimo chiesto,aveste chiesto,avessero chiesto,chiederei,chiederesti,chiederebbe,chiederemmo,chiedereste,chiederebbero,avrei chiesto,avresti chiesto,avrebbe chiesto,avremmo chiesto,avreste chiesto,avrebbero chiesto,chiedi,chieda,chiediamo,chiedete,chiedano,demander,
studiare,avere studiato,studiante,studiato,studiando,avendo studiato,studio,studi,studia,studiamo,studiate,studiano,studiavo,studiavi,studiava,studiavamo,studiavate,studiavano,studiai,studiasti,studiò,studiammo,studiaste,studiarono,studierò,studierai,studierà,studieremo,studierete,studieranno,ho studiato,hai studiato,ha studiato,abbiamo studiato,avete studiato,hanno studiato,avevo studiato,avevi studiato,aveva studiato,avevamo studiato,avevate studiato,avevano studiato,ebbi studiato,avesti studiato,ebbe studiato,avemmo studiato,aveste studiato,ebbero studiato,avrò studiato,avrai studiato,avrà studiato,avremo studiato,avrete studiato,avranno studiato,studi,studi,studi,studiamo,studiate,studino,studiassi,studiassi,studiasse,studiassimo,studiaste,studiassero,abbia studiato,abbia studiato,abbia studiato,abbiamo studiato,abbiate studiato,abbiano studiato,avessi studiato,avessi studiato,avesse studiato,avessimo studiato,aveste studiato,avessero studiato,studierei,studieresti,studierebbe,studieremmo,studiereste,studierebbero,avrei studiato,avresti studiato,avrebbe studiato,avremmo studiato,avreste studiato,avrebbero studiato,studia,studi,studiamo,studiate,studino,étudier,
trovare,avere trovato,trovante,trovato,trovando,avendo trovato,trovo,trovi,trova,troviamo,trovate,trovano,trovavo,trovavi,trovava,trovavamo,trovavate,trovavano,trovai,trovasti,trovò,trovammo,trovaste,trovarono,troverò,troverai,troverà,troveremo,troverete,troveranno,ho trovato,hai trovato,ha trovato,abbiamo trovato,avete trovato,hanno trovato,avevo trovato,avevi trovato,aveva trovato,avevamo trovato,avevate trovato,avevano trovato,ebbi trovato,avesti trovato,ebbe trovato,avemmo trovato,aveste trovato,ebbero trovato,avrò trovato,avrai trovato,avrà trovato,avremo trovato,avrete trovato,avranno trovato,trovi,trovi,trovi,troviamo,troviate,trovino,trovassi,trovassi,trovasse,trovassimo,trovaste,trovassero,abbia trovato,abbia trovato,abbia trovato,abbiamo trovato,abbiate trovato,abbiano trovato,avessi trovato,avessi trovato,avesse trovato,avessimo trovato,aveste trovato,avessero trovato,troverei,troveresti,troverebbe,troveremmo,trovereste,troverebbero,avrei trovato,avresti trovato,avrebbe trovato,avremmo trovato,avreste trovato,avrebbero trovato,trova,trovi,troviamo,trovate,trovino,trouver,
preferire,avere preferito,preferente,preferito,preferendo,avendo preferito,preferisco,preferisci,preferisce,preferiamo,preferite,preferiscono,preferivo,preferivi,preferiva,preferivamo,preferivate,preferivano,preferii,preferisti,preferì,preferimmo,preferiste,preferirono,preferirò,preferirai,preferirà,preferiremo,preferirete,preferiranno,ho preferito,hai preferito,ha preferito,abbiamo preferito,avete preferito,hanno preferito,avevo preferito,avevi preferito,aveva preferito,avevamo preferito,avevate preferito,avevano preferito,ebbi preferito,avesti preferito,ebbe preferito,avemmo preferito,aveste preferito,ebbero preferito,avrò preferito,avrai preferito,avrà preferito,avremo preferito,avrete preferito,avranno preferito,preferisca,preferisca,preferisca,preferiamo,preferiate,preferiscano,preferissi,preferissi,preferisse,preferissimo,preferiste,preferissero,abbia preferito,abbia preferito,abbia preferito,abbiamo preferito,abbiate preferito,abbiano preferito,avessi preferito,avessi preferito,avesse preferito,avessimo preferito,aveste preferito,avessero preferito,preferirei,preferiresti,preferirebbe,preferiremmo,preferireste,preferirebbero,avrei preferito,avresti preferito,avrebbe preferito,avremmo preferito,avreste preferito,avrebbero preferito,preferisci,preferisca,preferiamo,preferite,preferiscano,préférer,
lavorare,avere lavorato,lavorante,lavorato,lavorando,avendo lavorato,lavoro,lavori,lavora,lavoriamo,lavorate,lavorano,lavoravo,lavoravi,lavorava,lavoravamo,lavoravate,lavoravano,lavorai,lavorasti,lavorò,lavorammo,lavoraste,lavorarono,lavorerò,lavorerai,lavorerà,lavoreremo,lavorerete,lavoreranno,ho lavorato,hai lavorato,ha lavorato,abbiamo lavorato,avete lavorato,hanno lavorato,avevo lavorato,avevi lavorato,aveva lavorato,avevamo lavorato,avevate lavorato,avevano lavorato,ebbi lavorato,avesti lavorato,ebbe lavorato,avemmo lavorato,aveste lavorato,ebbero lavorato,avrò lavorato,avrai lavorato,avrà lavorato,avremo lavorato,avrete lavorato,avranno lavorato,lavori,lavori,lavori,lavoriamo,lavoriate,lavorino,lavorassi,lavorassi,lavorasse,lavorassimo,lavoraste,lavorassero,abbia lavorato,abbia lavorato,abbia lavorato,abbiamo lavorato,abbiate lavorato,abbiano lavorato,avessi lavorato,avessi lavorato,avesse lavorato,avessimo lavorato,aveste lavorato,avessero lavorato,lavorerei,lavoreresti,lavorerebbe,lavoreremmo,lavorereste,lavorerebbero,avrei lavorato,avresti lavorato,avrebbe lavorato,avremmo lavorato,avreste lavorato,avrebbero lavorato,lavora,lavori,lavoriamo,lavorate,lavorino,travailler,
giocare,avere giocato,giocante,giocato,giocando,avendo giocato,gioco,giochi,gioca,giochiamo,giocate,giocano,giocavo,giocavi,giocava,giocavamo,giocavate,giocavano,giocai,giocasti,giocò,giocammo,giocaste,giocarono,giocherò,giocherai,giocherà,giocheremo,giocherete,giocheranno,ho giocato,hai giocato,ha giocato,abbiamo giocato,avete giocato,hanno giocato,avevo giocato,avevi giocato,aveva giocato,avevamo giocato,avevate giocato,avevano giocato,ebbi giocato,avesti giocato,ebbe giocato,avemmo giocato,aveste giocato,ebbero giocato,avrò giocato,avrai giocato,avrà giocato,avremo giocato,avrete giocato,avranno giocato,giochi,giochi,giochi,giochiamo,giochiate,giochino,giocassi,giocassi,giocasse,giocassimo,giocaste,giocassero,abbia giocato,abbia giocato,abbia giocato,abbiamo giocato,abbiate giocato,abbiano giocato,avessi giocato,avessi giocato,avesse giocato,avessimo giocato,aveste giocato,avessero giocato,giocherei,giocheresti,giocherebbe,giocheremmo,giochereste,giocherebbero,avrei giocato,avresti giocato,avrebbe giocato,avremmo giocato,avreste giocato,avrebbero giocato,gioca,giochi,giochiamo,giocate,giochino,jouer,
aprire,avere aperto,aprente,aperto,aprendo,avendo aperto,apro,apri,apre,apriamo,aprite,aprono,aprivo,aprivi,apriva,aprivamo,aprivate,aprivano,aprii,apristi,aprì,aprimmo,apriste,aprirono,aprirò,aprirai,aprirà,apriremo,aprirete,apriranno,ho aperto,hai aperto,ha aperto,abbiamo aperto,avete aperto,hanno aperto,avevo aperto,avevi aperto,aveva aperto,avevamo aperto,avevate aperto,avevano aperto,ebbi aperto,avesti aperto,ebbe aperto,avemmo aperto,aveste aperto,ebbero aperto,avrò aperto,avrai aperto,avrà aperto,avremo aperto,avrete aperto,avranno aperto,apra,apra,apra,apriamo,apriate,aprano,aprissi,aprissi,aprisse,aprissimo,apriste,aprissero,abbia aperto,abbia aperto,abbia aperto,abbiamo aperto,abbiate aperto,abbiano aperto,avessi aperto,avessi aperto,avesse aperto,avessimo aperto,aveste aperto,avessero aperto,aprirei,apriresti,aprirebbe,apriremmo,aprireste,aprirebbero,avrei aperto,avresti aperto,avrebbe aperto,avremmo aperto,avreste aperto,avrebbero aperto,apri,apra,apriamo,aprite,aprano,ouvrir,
chiamare,avere chiamato,chiamante,chiamato,chiamando,avendo chiamato,chiamo,chiami,chiama,chiamiamo,chiamate,chiamano,chiamavo,chiamavi,chiamava,chiamavamo,chiamavate,chiamavano,chiamai,chiamasti,chiamò,chiamammo,chiamaste,chiamarono,chiamerò,chiamerai,chiamerà,chiameremo,chiamerete,chiameranno,ho chiamato,hai chiamato,ha chiamato,abbiamo chiamato,avete chiamato,hanno chiamato,avevo chiamato,avevi chiamato,aveva chiamato,avevamo chiamato,avevate chiamato,avevano chiamato,ebbi chiamato,avesti chiamato,ebbe chiamato,avemmo chiamato,aveste chiamato,ebbero chiamato,avrò chiamato,avrai chiamato,avrà chiamato,avremo chiamato,avrete chiamato,avranno chiamato,chiami,chiami,chiami,chiamiamo,chiamiate,chiamino,chiamassi,chiamassi,chiamasse,chiamassimo,chiamaste,chiamassero,abbia chiamato,abbia chiamato,abbia chiamato,abbiamo chiamato,abbiate chiamato,abbiano chiamato,avessi chiamato,avessi chiamato,avesse chiamato,avessimo chiamato,aveste chiamato,avessero chiamato,chiamerei,chiameresti,chiamerebbe,chiameremmo,chiamereste,chiamerebbero,avrei chiamato,avresti chiamato,avrebbe chiamato,avremmo chiamato,avreste chiamato,avrebbero chiamato,chiama,chiami,chiamiamo,chiamate,chiamino,appeler,
comprare,avere comprato,comprante,comprato,comprando,avendo comprato,compro,compri,compra,compriamo,comprate,comprano,compravo,compravi,comprava,compravamo,compravate,compravano,comprai,comprasti,comprò,comprammo,compraste,comprarono,comprerò,comprerai,comprerà,compreremo,comprerete,compreranno,ho comprato,hai comprato,ha comprato,abbiamo comprato,avete comprato,hanno comprato,avevo comprato,avevi comprato,aveva comprato,avevamo comprato,avevate comprato,avevano comprato,ebbi comprato,avesti comprato,ebbe comprato,avemmo comprato,aveste comprato,ebbero comprato,avrò comprato,avrai comprato,avrà comprato,avremo comprato,avrete comprato,avranno comprato,compri,compri,compri,compriamo,compriate,comprino,comprassi,comprassi,comprasse,comprassimo,compraste,comprassero,abbia comprato,abbia comprato,abbia comprato,abbiamo comprato,abbiate comprato,abbiano comprato,avessi comprato,avessi comprato,avesse comprato,avessimo comprato,aveste comprato,avessero comprato,comprerei,compreresti,comprerebbe,compreremmo,comprereste,comprerebbero,avrei comprato,avresti comprato,avrebbe comprato,avremmo comprato,avreste comprato,avrebbero comprato,compra,compri,compriamo,comprate,comprino,acheter,
tenere,avere tenuto,tenente,tenuto,tenendo,avendo tenuto,tengo,tieni,tiene,teniamo,tenete,tengono,tenevo,tenevi,teneva,tenevamo,tenevate,tenevano,tenni,tenesti,tenne,tenemmo,teneste,tennero,terrò,terrai,terrà,terremo,terrete,terranno,ho tenuto,hai tenuto,ha tenuto,abbiamo tenuto,avete tenuto,hanno tenuto,avevo tenuto,avevi tenuto,aveva tenuto,avevamo tenuto,avevate tenuto,avevano tenuto,ebbi tenuto,avesti tenuto,ebbe tenuto,avemmo tenuto,aveste tenuto,ebbero tenuto,avrò tenuto,avrai tenuto,avrà tenuto,avremo tenuto,avrete tenuto,avranno tenuto,tenga,tenga,tenga,teniamo,teniate,tengano,tenessi,tenessi,tenesse,tenessimo,teneste,tenessero,abbia tenuto,abbia tenuto,abbia tenuto,abbiamo tenuto,abbiate tenuto,abbiano tenuto,avessi tenuto,avessi tenuto,avesse tenuto,avessimo tenuto,aveste tenuto,avessero tenuto,terrei,terresti,terrebbe,terremmo,terreste,terrebbero,avrei tenuto,avresti tenuto,avrebbe tenuto,avremmo tenuto,avreste tenuto,avrebbero tenuto,tieni,tenga,teniamo,tenete,tengano,tenir,
guardare,avere guardato,guardante,guardato,guardando,avendo guardato,guardo,guardi,guarda,guardiamo,guardate,guardano,guardavo,guardavi,guardava,guardavamo,guardavate,guardavano,guardai,guardasti,guardò,guardammo,guardaste,guardarono,guarderò,guarderai,guarderà,guarderemo,guarderete,guarderanno,ho guardato,hai guardato,ha guardato,abbiamo guardato,avete guardato,hanno guardato,avevo guardato,avevi guardato,aveva guardato,avevamo guardato,avevate guardato,avevano guardato,ebbi guardato,avesti guardato,ebbe guardato,avemmo guardato,aveste guardato,ebbero guardato,avrò guardato,avrai guardato,avrà guardato,avremo guardato,avrete guardato,avranno guardato,guardi,guardi,guardi,guardiamo,guardiate,guardino,guardassi,guardassi,guardasse,guardassimo,guardaste,guardassero,abbia guardato,abbia guardato,abbia guardato,abbiamo guardato,abbiate guardato,abbiano guardato,avessi guardato,avessi guardato,avesse guardato,avessimo guardato,aveste guardato,avessero guardato,guarderei,guarderesti,guarderebbe,guarderemmo,guardereste,guarderebbero,avrei guardato,avresti guardato,avrebbe guardato,avremmo guardato,avreste guardato,avrebbero guardato,guarda,guardi,guardiamo,guardate,guardino,regarder,
salire,essere salito,salente,salito,salendo,essendo salito,salgo,sali,sale,saliamo,salite,salgono,salivo,salivi,saliva,salivamo,salivate,salivano,salii,salisti,salì,salimmo,saliste,salirono,salirò,salirai,salirà,saliremo,salirete,saliranno,sono salito,sei salito,è salito,siamo saliti,siete saliti,sono saliti,ero salito,eri salito,era salito,eravamo saliti,eravate saliti,erano saliti,fui salito,fosti salito,fu salito,fummo saliti,foste saliti,furono saliti,sarò salito,sarai salito,sarà salito,saremo saliti,sarete saliti,saranno saliti,salga,salga,salga,saliamo,saliate,salgano,salissi,salissi,salisse,salissimo,saliste,salissero,sia salito,sia salito,sia salito,siamo saliti,siate saliti,siano saliti,fossi salito,fossi salito,fosse salito,fossimo saliti,foste saliti,fossero saliti,salirei,saliresti,salirebbe,saliremmo,salireste,salirebbero,sarei salito,saresti salito,sarebbe salito,saremmo saliti,sareste saliti,sarebbero saliti,sali,salga,saliamo,salite,salgano,monter,
pensare,avere pensato,pensante,pensato,pensando,avendo pensato,penso,pensi,pensa,pensiamo,pensate,pensano,pensavo,pensavi,pensava,pensavamo,pensavate,pensavano,pensai,pensasti,pensò,pensammo,pensaste,pensarono,penserò,penserai,penserà,penseremo,penserete,penseranno,ho pensato,hai pensato,ha pensato,abbiamo pensato,avete pensato,hanno pensato,avevo pensato,avevi pensato,aveva pensato,avevamo pensato,avevate pensato,avevano pensato,ebbi pensato,avesti pensato,ebbe pensato,avemmo pensato,aveste pensato,ebbero pensato,avrò pensato,avrai pensato,avrà pensato,avremo pensato,avrete pensato,avranno pensato,pensi,pensi,pensi,pensiamo,pensiate,pensino,pensassi,pensassi,pensasse,pensassimo,pensaste,pensassero,abbia pensato,abbia pensato,abbia pensato,abbiamo pensato,abbiate pensato,abbiano pensato,avessi pensato,avessi pensato,avesse pensato,avessimo pensato,aveste pensato,avessero pensato,penserei,penseresti,penserebbe,penseremmo,pensereste,penserebbero,avrei pensato,avresti pensato,avrebbe pensato,avremmo pensato,avreste pensato,avrebbero pensato,pensa,pensi,pensiamo,pensate,pensino,penser,
cercare,avere cercato,cercante,cercato,cercando,avendo cercato,cerco,cerchi,cerca,cerchiamo,cercate,cercano,cercavo,cercavi,cercava,cercavamo,cercavate,cercavano,cercai,cercasti,cercò,cercammo,cercaste,cercarono,cercherò,cercherai,cercherà,cercheremo,cercherete,cercheranno,ho cercato,hai cercato,ha cercato,abbiamo cercato,avete cercato,hanno cercato,avevo cercato,avevi cercato,aveva cercato,avevamo cercato,avevate cercato,avevano cercato,ebbi cercato,avesti cercato,ebbe cercato,avemmo cercato,aveste cercato,ebbero cercato,avrò cercato,avrai cercato,avrà cercato,avremo cercato,avrete cercato,avranno cercato,cerchi,cerchi,cerchi,cerchiamo,cerchiate,cerchino,cercassi,cercassi,cercasse,cercassimo,cercaste,cercassero,abbia cercato,abbia cercato,abbia cercato,abbiamo cercato,abbiate cercato,abbiano cercato,avessi cercato,avessi cercato,avesse cercato,avessimo cercato,aveste cercato,avessero cercato,cercherei,cercheresti,cercherebbe,cercheremmo,cerchereste,cercherebbero,avrei cercato,avresti cercato,avrebbe cercato,avremmo cercato,avreste cercato,avrebbero cercato,cerca,cerchi,cerchiamo,cercate,cerchino,chercher,
tornare,essere tornato,tornante,tornato,tornando,essendo tornato,torno,torni,torna,torniamo,tornate,tornano,tornavo,tornavi,tornava,tornavamo,tornavate,tornavano,tornai,tornasti,tornò,tornammo,tornaste,tornarono,tornerò,tornerai,tornerà,torneremo,tornerete,torneranno,sono tornato,sei tornato,è tornato,siamo tornati,siete tornati,sono tornati,ero tornato,eri tornato,era tornato,eravamo tornati,eravate tornati,erano tornati,fui tornato,fosti tornato,fu tornato,fummo tornati,foste tornati,furono tornati,sarò tornato,sarai tornato,sarà tornato,saremo tornati,sarete tornati,saranno tornati,torni,torni,torni,torniamo,torniate,tornino,tornassi,tornassi,tornasse,tornassimo,tornaste,tornassero,sia tornato,sia tornato,sia tornato,siamo tornati,siate tornati,siano tornati,fossi tornato,fossi tornato,fosse tornato,fossimo tornati,foste tornati,fossero tornati,tornerei,torneresti,tornerebbe,torneremmo,tornereste,tornerebbero,sarei tornato,saresti tornato,sarebbe tornato,saremmo tornati,sareste tornati,sarebbero tornati,torna,torni,torniamo,tornate,tornino,retourner,
abitare,avere abitato,abitante,abitato,abitando,avendo abitato,abito,abiti,abita,abitiamo,abitate,abitano,abitavo,abitavi,abitava,abitavamo,abitavate,abitavano,abitai,abitasti,abitò,abitammo,abitaste,abitarono,abiterò,abiterai,abiterà,abiteremo,abiterete,abiteranno,ho abitato,hai abitato,ha abitato,abbiamo abitato,avete abitato,hanno abitato,avevo abitato,avevi abitato,aveva abitato,avevamo abitato,avevate abitato,avevano abitato,ebbi abitato,avesti abitato,ebbe abitato,avemmo abitato,aveste abitato,ebbero abitato,avrò abitato,avrai abitato,avrà abitato,avremo abitato,avrete abitato,avranno abitato,abiti,abiti,abiti,abitiamo,abitiate,abitino,abitassi,abitassi,abitasse,abitassimo,abitaste,abitassero,abbia abitato,abbia abitato,abbia abitato,abbiamo abitato,abbiate abitato,abbiano abitato,avessi abitato,avessi abitato,avesse abitato,avessimo abitato,aveste abitato,avessero abitato,abiterei,abiteresti,abiterebbe,abiteremmo,abitereste,abiterebbero,avrei abitato,avresti abitato,avrebbe abitato,avremmo abitato,avreste abitato,avrebbero abitato,abita,abiti,abitiamo,abitate,abitino,habiter,
cominciare,essere cominciato,cominciante,cominciato,cominciando,avendo cominciato,comincio,cominci,comincia,cominciamo,cominciate,cominciano,cominciavo,cominciavi,cominciava,cominciavamo,cominciavate,cominciavano,cominciai,cominciasti,cominciò,cominciammo,cominciaste,cominciarono,comincerò,comincerai,comincerà,cominceremo,comincerete,cominceranno,ho cominciato,hai cominciato,ha cominciato,abbiamo cominciato,avete cominciato,hanno cominciato,avevo cominciato,avevi cominciato,aveva cominciato,avevamo cominciato,avevate cominciato,avevano cominciato,ebbi cominciato,avesti cominciato,ebbe cominciato,avemmo cominciato,aveste cominciato,ebbero cominciato,avrò cominciato,avrai cominciato,avrà cominciato,avremo cominciato,avrete cominciato,avranno cominciato,cominci,cominci,cominci,cominciamo,cominciate,comincino,cominciassi,cominciassi,cominciasse,cominciassimo,cominciaste,cominciassero,abbia cominciato,abbia cominciato,abbia cominciato,abbiamo cominciato,abbiate cominciato,abbiano cominciato,avessi cominciato,avessi cominciato,avesse cominciato,avessimo cominciato,aveste cominciato,avessero cominciato,comincerei,cominceresti,comincerebbe,cominceremmo,comincereste,comincerebbero,avrei cominciato,avresti cominciato,avrebbe cominciato,avremmo cominciato,avreste cominciato,avrebbero cominciato,comincia,cominci,cominciamo,cominciate,comincino,commencer,
riuscire,essere riuscito,riuscente,riuscito,riuscendo,essendo riuscito,riesco,riesci,riesce,riusciamo,riuscite,riescono,riuscivo,riuscivi,riusciva,riuscivamo,riuscivate,riuscivano,riuscii,riuscisti,riuscì,riuscimmo,riusciste,riuscirono,riuscirò,riuscirai,riuscirà,riusciremo,riuscirete,riusciranno,sono riuscito,sei riuscito,è riuscito,siamo riusciti,siete riusciti,sono riusciti,ero riuscito,eri riuscito,era riuscito,eravamo riusciti,eravate riusciti,erano riusciti,fui riuscito,fosti riuscito,fu riuscito,fummo riusciti,foste riusciti,furono riusciti,sarò riuscito,sarai riuscito,sarà riuscito,saremo riusciti,sarete riusciti,saranno riusciti,riesca,riesca,riesca,riusciamo,riusciate,riescano,riuscissi,riuscissi,riuscisse,riuscissimo,riusciste,riuscissero,sia riuscito,sia riuscito,sia riuscito,siamo riusciti,siate riusciti,siano riusciti,fossi riuscito,fossi riuscito,fosse riuscito,fossimo riusciti,foste riusciti,fossero riusciti,riuscirei,riusciresti,riuscirebbe,riusciremmo,riuscireste,riuscirebbero,sarei riuscito,saresti riuscito,sarebbe riuscito,saremmo riusciti,sareste riusciti,sarebbero riusciti,riesci,riesca,riusciamo,riuscite,riescano,réussir,
morire,essere morto,morente,morto,morendo,essendo morto,muoio,muori,muore,moriamo,morite,muoiono,morivo,morivi,moriva,morivamo,morivate,morivano,morii,moristi,morì,morimmo,moriste,morirono,morirò,morirai,morirà,moriremo,morirete,moriranno,sono morto,sei morto,è morto,siamo morti,siete morti,sono morti,ero morto,eri morto,era morto,eravamo morti,eravate morti,erano morti,fui morto,fosti morto,fu morto,fummo morti,foste morti,furono morti,sarò morto,sarai morto,sarà morto,saremo morti,sarete morti,saranno morti,muoia,muoia,muoia,moriamo,moriate,muoiano,morissi,morissi,morisse,morissimo,moriste,morissero,sia morto,sia morto,sia morto,siamo morti,siate morti,siano morti,fossi morto,fossi morto,fosse morto,fossimo morti,foste morti,fossero morti,morirei,moriresti,morirebbe,moriremmo,morireste,morirebbero,sarei morto,saresti morto,sarebbe morto,saremmo morti,sareste morti,sarebbero morti,muori,muoia,moriamo,morite,muoiano,mourir,
passare,essere passato,passante,passato,passando,essendo passato,passo,passi,passa,passiamo,passate,passano,passavo,passavi,passava,passavamo,passavate,passavano,passai,passasti,passò,passammo,passaste,passarono,passerò,passerai,passerà,passeremo,passerete,passeranno,sono passato,sei passato,è passato,siamo passati,siete passati,sono passati,ero passato,eri passato,era passato,eravamo passati,eravate passati,erano passati,fui passato,fosti passato,fu passato,fummo passati,foste passati,furono passati,sarò passato,sarai passato,sarà passato,saremo passati,sarete passati,saranno passati,passi,passi,passi,passiamo,passiate,passino,passassi,passassi,passasse,passassimo,passaste,passassero,sia passato,sia passato,sia passato,siamo passati,siate passati,siano passati,fossi passato,fossi passato,fosse passato,fossimo passati,foste passati,fossero passati,passerei,passeresti,passerebbe,passeremmo,passereste,passerebbero,sarei passato,saresti passato,sarebbe passato,saremmo passati,sareste passati,sarebbero passati,passa,passi,passiamo,passate,passino,passer,
scegliere,essere scelto,scegliente,scelto,scegliendo,avendo scelto,scelgo,scegli,sceglie,scegliamo,scegliete,scelgono,sceglievo,sceglievi,sceglieva,sceglievamo,sceglievate,sceglievano,scelsi,scegliesti,scelse,scegliemmo,sceglieste,scelsero,sceglierò,sceglierai,sceglierà,sceglieremo,sceglierete,sceglieranno,ho scelto,hai scelto,ha scelto,abbiamo scelto,avete scelto,hanno scelto,avevo scelto,avevi scelto,aveva scelto,avevamo scelto,avevate scelto,avevano scelto,ebbi scelto,avesti scelto,ebbe scelto,avemmo scelto,aveste scelto,ebbero scelto,avrò scelto,avrai scelto,avrà scelto,avremo scelto,avrete scelto,avranno scelto,scelga,scelga,scelga,scegliamo,scegliate,scelgano,scegliessi,scegliessi,scegliesse,scegliessimo,sceglieste,scegliessero,abbia scelto,abbia scelto,abbia scelto,abbiamo scelto,abbiate scelto,abbiano scelto,avessi scelto,avessi scelto,avesse scelto,avessimo scelto,aveste scelto,avessero scelto,sceglierei,sceglieresti,sceglierebbe,sceglieremmo,scegliereste,sceglierebbero,avrei scelto,avresti scelto,avrebbe scelto,avremmo scelto,avreste scelto,avrebbero scelto,scegli,scelga,scegliamo,scegliete,scelgano,choisir,
correre,essere corso,corrente,corso,correndo,essendo corso,corro,corri,corre,corriamo,correte,corrono,correvo,correvi,correva,correvamo,correvate,correvano,corsi,corresti,corse,corremmo,correste,corsero,correrò,correrai,correrà,correremo,correrete,correranno,sono corso,sei corso,è corso,siamo corsi,siete corsi,sono corsi,ero corso,eri corso,era corso,eravamo corsi,eravate corsi,erano corsi,fui corso,fosti corso,fu corso,fummo corsi,foste corsi,furono corsi,sarò corso,sarai corso,sarà corso,saremo corsi,sarete corsi,saranno corsi,corra,corra,corra,corriamo,corriate,corrano,corressi,corressi,corresse,corressimo,correste,corressero,sia corso,sia corso,sia corso,siamo corsi,siate corsi,siano corsi,fossi corso,fossi corso,fosse corso,fossimo corsi,foste corsi,fossero corsi,correrei,correresti,correrebbe,correremmo,correreste,correrebbero,sarei corso,saresti corso,sarebbe corso,saremmo corsi,sareste corsi,sarebbero corsi,corri,corra,corriamo,correte,corrano,courir,
perdere,essere perso,perdente,perso,perdendo,avendo perso,perdo,perdi,perde,perdiamo,perdete,perdono,perdevo,perdevi,perdeva,perdevamo,perdevate,perdevano,persi,perdesti,perse,perdemmo,perdeste,persero,perderò,perderai,perderà,perderemo,perderete,perderanno,ho perso,hai perso,ha perso,abbiamo perso,avete perso,hanno perso,avevo perso,avevi perso,aveva perso,avevamo perso,avevate perso,avevano perso,ebbi perso,avesti perso,ebbe perso,avemmo perso,aveste perso,ebbero perso,avrò perso,avrai perso,avrà perso,avremo perso,avrete perso,avranno perso,perda,perda,perda,perdiamo,perdiate,perdano,perdessi,perdessi,perdesse,perdessimo,perdeste,perdessero,abbia perso,abbia perso,abbia perso,abbiamo perso,abbiate perso,abbiano perso,avessi perso,avessi perso,avesse perso,avessimo perso,aveste perso,avessero perso,perderei,perderesti,perderebbe,perderemmo,perdereste,perderebbero,avrei perso,avresti perso,avrebbe perso,avremmo perso,avreste perso,avrebbero perso,perdi,perda,perdiamo,perdete,perdano,perdre,
decidere,essere deciso,decidente,deciso,decidendo,avendo deciso,decido,decidi,decide,decidiamo,decidete,decidono,decidevo,decidevi,decideva,decidevamo,decidevate,decidevano,decisi,decidesti,decise,decidemmo,decideste,decisero,deciderò,deciderai,deciderà,decideremo,deciderete,decideranno,ho deciso,hai deciso,ha deciso,abbiamo deciso,avete deciso,hanno deciso,avevo deciso,avevi deciso,aveva deciso,avevamo deciso,avevate deciso,avevano deciso,ebbi deciso,avesti deciso,ebbe deciso,avemmo deciso,aveste deciso,ebbero deciso,avrò deciso,avrai deciso,avrà deciso,avremo deciso,avrete deciso,avranno deciso,decida,decida,decida,decidiamo,decidiate,decidano,decidessi,decidessi,decidesse,decidessimo,decideste,decidessero,abbia deciso,abbia deciso,abbia deciso,abbiamo deciso,abbiate deciso,abbiano deciso,avessi deciso,avessi deciso,avesse deciso,avessimo deciso,aveste deciso,avessero deciso,deciderei,decideresti,deciderebbe,decideremmo,decidereste,deciderebbero,avrei deciso,avresti deciso,avrebbe deciso,avremmo deciso,avreste deciso,avrebbero deciso,decidi,decida,decidiamo,decidete,decidano,décider,
chiudere,essere chiuso,chiudente,chiuso,chiudendo,avendo chiuso,chiudo,chiudi,chiude,chiudiamo,chiudete,chiudono,chiudevo,chiudevi,chiudeva,chiudevamo,chiudevate,chiudevano,chiusi,chiudesti,chiuse,chiudemmo,chiudeste,chiusero,chiuderò,chiuderai,chiuderà,chiuderemo,chiuderete,chiuderanno,ho chiuso,hai chiuso,ha chiuso,abbiamo chiuso,avete chiuso,hanno chiuso,avevo chiuso,avevi chiuso,aveva chiuso,avevamo chiuso,avevate chiuso,avevano chiuso,ebbi chiuso,avesti chiuso,ebbe chiuso,avemmo chiuso,aveste chiuso,ebbero chiuso,avrò chiuso,avrai chiuso,avrà chiuso,avremo chiuso,avrete chiuso,avranno chiuso,chiuda,chiuda,chiuda,chiudiamo,chiudiate,chiudano,chiudessi,chiudessi,chiudesse,chiudessimo,chiudeste,chiudessero,abbia chiuso,abbia chiuso,abbia chiuso,abbiamo chiuso,abbiate chiuso,abbiano chiuso,avessi chiuso,avessi chiuso,avesse chiuso,avessimo chiuso,aveste chiuso,avessero chiuso,chiuderei,chiuderesti,chiuderebbe,chiuderemmo,chiudereste,chiuderebbero,avrei chiuso,avresti chiuso,avrebbe chiuso,avremmo chiuso,avreste chiuso,avrebbero chiuso,chiudi,chiuda,chiudiamo,chiudete,chiudano,fermer,
credere,essere creduto,credente,creduto,credendo,avendo creduto,credo,credi,crede,crediamo,credete,credono,credevo,credevi,credeva,credevamo,credevate,credevano,credei,credesti,credé,credemmo,credeste,crederono,crederò,crederai,crederà,crederemo,crederete,crederanno,ho creduto,hai creduto,ha creduto,abbiamo creduto,avete creduto,hanno creduto,avevo creduto,avevi creduto,aveva creduto,avevamo creduto,avevate creduto,avevano creduto,ebbi creduto,avesti creduto,ebbe creduto,avemmo creduto,aveste creduto,ebbero creduto,avrò creduto,avrai creduto,avrà creduto,avremo creduto,avrete creduto,avranno creduto,creda,creda,creda,crediamo,crediate,credano,credessi,credessi,credesse,credessimo,credeste,credessero,abbia creduto,abbia creduto,abbia creduto,abbiamo creduto,abbiate creduto,abbiano creduto,avessi creduto,avessi creduto,avesse creduto,avessimo creduto,aveste creduto,avessero creduto,crederei,crederesti,crederebbe,crederemmo,credereste,crederebbero,avrei creduto,avresti creduto,avrebbe creduto,avremmo creduto,avreste creduto,avrebbero creduto,credi,creda,crediamo,credete,credano,croire,
lasciare,essere lasciato,lasciante,lasciato,lasciando,avendo lasciato,lascio,lasci,lascia,lasciamo,lasciate,lasciano,lasciavo,lasciavi,lasciava,lasciavamo,lasciavate,lasciavano,lasciai,lasciasti,lasciò,lasciammo,lasciaste,lasciarono,lascerò,lascerai,lascerà,lasceremo,lascerete,lasceranno,ho lasciato,hai lasciato,ha lasciato,abbiamo lasciato,avete lasciato,hanno lasciato,avevo lasciato,avevi lasciato,aveva lasciato,avevamo lasciato,avevate lasciato,avevano lasciato,ebbi lasciato,avesti lasciato,ebbe lasciato,avemmo lasciato,aveste lasciato,ebbero lasciato,avrò lasciato,avrai lasciato,avrà lasciato,avremo lasciato,avrete lasciato,avranno lasciato,lasci,lasci,lasci,lasciamo,lasciate,lascino,lasciassi,lasciassi,lasciasse,lasciassimo,lasciaste,lasciassero,abbia lasciato,abbia lasciato,abbia lasciato,abbiamo lasciato,abbiate lasciato,abbiano lasciato,avessi lasciato,avessi lasciato,avesse lasciato,avessimo lasciato,aveste lasciato,avessero lasciato,lascerei,lasceresti,lascerebbe,lasceremmo,lascereste,lascerebbero,avrei lasciato,avresti lasciato,avrebbe lasciato,avremmo lasciato,avreste lasciato,avrebbero lasciato,lascia,lasci,lasciamo,lasciate,lascino,laisser,
ascoltare,essere ascoltato,ascoltante,ascoltato,ascoltando,avendo ascoltato,ascolto,ascolti,ascolta,ascoltiamo,ascoltate,ascoltano,ascoltavo,ascoltavi,ascoltava,ascoltavamo,ascoltavate,ascoltavano,ascoltai,ascoltasti,ascoltò,ascoltammo,ascoltaste,ascoltarono,ascolterò,ascolterai,ascolterà,ascolteremo,ascolterete,ascolteranno,ho ascoltato,hai ascoltato,ha ascoltato,abbiamo ascoltato,avete ascoltato,hanno ascoltato,avevo ascoltato,avevi ascoltato,aveva ascoltato,avevamo ascoltato,avevate ascoltato,avevano ascoltato,ebbi ascoltato,avesti ascoltato,ebbe ascoltato,avemmo ascoltato,aveste ascoltato,ebbero ascoltato,avrò ascoltato,avrai ascoltato,avrà ascoltato,avremo ascoltato,avrete ascoltato,avranno ascoltato,ascolti,ascolti,ascolti,ascoltiamo,ascoltiate,ascoltino,ascoltassi,ascoltassi,ascoltasse,ascoltassimo,ascoltaste,ascoltassero,abbia ascoltato,abbia ascoltato,abbia ascoltato,abbiamo ascoltato,abbiate ascoltato,abbiano ascoltato,avessi ascoltato,avessi ascoltato,avesse ascoltato,avessimo ascoltato,aveste ascoltato,avessero ascoltato,ascolterei,ascolteresti,ascolterebbe,ascolteremmo,ascoltereste,ascolterebbero,avrei ascoltato,avresti ascoltato,avrebbe ascoltato,avremmo ascoltato,avreste ascoltato,avrebbero ascoltato,ascolta,ascolti,ascoltiamo,ascoltate,ascoltino,écouter,
cantare,essere cantato,cantante,cantato,cantando,avendo cantato,canto,canti,canta,cantiamo,cantate,cantano,cantavo,cantavi,cantava,cantavamo,cantavate,cantavano,cantai,cantasti,cantò,cantammo,cantaste,cantarono,canterò,canterai,canterà,canteremo,canterete,canteranno,ho cantato,hai cantato,ha cantato,abbiamo cantato,avete cantato,hanno cantato,avevo cantato,avevi cantato,aveva cantato,avevamo cantato,avevate cantato,avevano cantato,ebbi cantato,avesti cantato,ebbe cantato,avemmo cantato,aveste cantato,ebbero cantato,avrò cantato,avrai cantato,avrà cantato,avremo cantato,avrete cantato,avranno cantato,canti,canti,canti,cantiamo,cantiate,cantino,cantassi,cantassi,cantasse,cantassimo,cantaste,cantassero,abbia cantato,abbia cantato,abbia cantato,abbiamo cantato,abbiate cantato,abbiano cantato,avessi cantato,avessi cantato,avesse cantato,avessimo cantato,aveste cantato,avessero cantato,canterei,canteresti,canterebbe,canteremmo,cantereste,canterebbero,avrei cantato,avresti cantato,avrebbe cantato,avremmo cantato,avreste cantato,avrebbero cantato,canta,canti,cantiamo,cantate,cantino,chanter,
aspettare,essere aspettato,aspettante,aspettato,aspettando,avendo aspettato,aspetto,aspetti,aspetta,aspettiamo,aspettate,aspettano,aspettavo,aspettavi,aspettava,aspettavamo,aspettavate,aspettavano,aspettai,aspettasti,aspettò,aspettammo,aspettaste,aspettarono,aspetterò,aspetterai,aspetterà,aspetteremo,aspetterete,aspetteranno,ho aspettato,hai aspettato,ha aspettato,abbiamo aspettato,avete aspettato,hanno aspettato,avevo aspettato,avevi aspettato,aveva aspettato,avevamo aspettato,avevate aspettato,avevano aspettato,ebbi aspettato,avesti aspettato,ebbe aspettato,avemmo aspettato,aveste aspettato,ebbero aspettato,avrò aspettato,avrai aspettato,avrà aspettato,avremo aspettato,avrete aspettato,avranno aspettato,aspetti,aspetti,aspetti,aspettiamo,aspettiate,aspettino,aspettassi,aspettassi,aspettasse,aspettassimo,aspettaste,aspettassero,abbia aspettato,abbia aspettato,abbia aspettato,abbiamo aspettato,abbiate aspettato,abbiano aspettato,avessi aspettato,avessi aspettato,avesse aspettato,avessimo aspettato,aveste aspettato,avessero aspettato,aspetterei,aspetteresti,aspetterebbe,aspetteremmo,aspettereste,aspetterebbero,avrei aspettato,avresti aspettato,avrebbe aspettato,avremmo aspettato,avreste aspettato,avrebbero aspettato,aspetta,aspetti,aspettiamo,aspettate,aspettino,attendre,
portare,essere portato,portante,portato,portando,avendo portato,porto,porti,porta,portiamo,portate,portano,portavo,portavi,portava,portavamo,portavate,portavano,portai,portasti,portò,portammo,portaste,portarono,porterò,porterai,porterà,porteremo,porterete,porteranno,ho portato,hai portato,ha portato,abbiamo portato,avete portato,hanno portato,avevo portato,avevi portato,aveva portato,avevamo portato,avevate portato,avevano portato,ebbi portato,avesti portato,ebbe portato,avemmo portato,aveste portato,ebbero portato,avrò portato,avrai portato,avrà portato,avremo portato,avrete portato,avranno portato,porti,porti,porti,portiamo,portiate,portino,portassi,portassi,portasse,portassimo,portaste,portassero,abbia portato,abbia portato,abbia portato,abbiamo portato,abbiate portato,abbiano portato,avessi portato,avessi portato,avesse portato,avessimo portato,aveste portato,avessero portato,porterei,porteresti,porterebbe,porteremmo,portereste,porterebbero,avrei portato,avresti portato,avrebbe portato,avremmo portato,avreste portato,avrebbero portato,porta,porti,portiamo,portate,portino,porter,
pagare,essere pagato,pagante,pagato,pagando,avendo pagato,pago,paghi,paga,paghiamo,pagate,pagano,pagavo,pagavi,pagava,pagavamo,pagavate,pagavano,pagai,pagasti,pagò,pagammo,pagaste,pagarono,pagherò,pagherai,pagherà,pagheremo,pagherete,pagheranno,ho pagato,hai pagato,ha pagato,abbiamo pagato,avete pagato,hanno pagato,avevo pagato,avevi pagato,aveva pagato,avevamo pagato,avevate pagato,avevano pagato,ebbi pagato,avesti pagato,ebbe pagato,avemmo pagato,aveste pagato,ebbero pagato,avrò pagato,avrai pagato,avrà pagato,avremo pagato,avrete pagato,avranno pagato,paghi,paghi,paghi,paghiamo,paghiate,paghino,pagassi,pagassi,pagasse,pagassimo,pagaste,pagassero,abbia pagato,abbia pagato,abbia pagato,abbiamo pagato,abbiate pagato,abbiano pagato,avessi pagato,avessi pagato,avesse pagato,avessimo pagato,aveste pagato,avessero pagato,pagherei,pagheresti,pagherebbe,pagheremmo,paghereste,pagherebbero,avrei pagato,avresti pagato,avrebbe pagato,avremmo pagato,avreste pagato,avrebbero pagato,paga,paghi,paghiamo,pagate,paghino,payer,
nascere,essere nato,nascente,nato,nascendo,essendo nato,nasco,nasci,nasce,nasciamo,nascete,nascono,nascevo,nascevi,nasceva,nascevamo,nascevate,nascevano,nacqui,nascesti,nacque,nascemmo,nasceste,nacquero,nascerò,nascerai,nascerà,nasceremo,nascerete,nasceranno,sono nato,sei nato,è nato,siamo nati,siete nati,sono nati,ero nato,eri nato,era nato,eravamo nati,eravate nati,erano nati,fui nato,fosti nato,fu nato,fummo nati,foste nati,furono nati,sarò nato,sarai nato,sarà nato,saremo nati,sarete nati,saranno nati,nasca,nasca,nasca,nasciamo,nasciate,nascano,nascessi,nascessi,nascesse,nascessimo,nasceste,nascessero,sia nato,sia nato,sia nato,siamo nati,siate nati,siano nati,fossi nato,fossi nato,fosse nato,fossimo nati,foste nati,fossero nati,nascerei,nasceresti,nascerebbe,nasceremmo,nascereste,nascerebbero,sarei nato,saresti nato,sarebbe nato,saremmo nati,sareste nati,sarebbero nati,nasci,nasca,nasciamo,nascete,nascano,naître,
alzare,essere alzato,alzante,alzato,alzando,avendo alzato,alzo,alzi,alza,alziamo,alzate,alzano,alzavo,alzavi,alzava,alzavamo,alzavate,alzavano,alzai,alzasti,alzò,alzammo,alzaste,alzarono,alzerò,alzerai,alzerà,alzeremo,alzerete,alzeranno,ho alzato,hai alzato,ha alzato,abbiamo alzato,avete alzato,hanno alzato,avevo alzato,avevi alzato,aveva alzato,avevamo alzato,avevate alzato,avevano alzato,ebbi alzato,avesti alzato,ebbe alzato,avemmo alzato,aveste alzato,ebbero alzato,avrò alzato,avrai alzato,avrà alzato,avremo alzato,avrete alzato,avranno alzato,alzi,alzi,alzi,alziamo,alziate,alzino,alzassi,alzassi,alzasse,alzassimo,alzaste,alzassero,abbia alzato,abbia alzato,abbia alzato,abbiamo alzato,abbiate alzato,abbiano alzato,avessi alzato,avessi alzato,avesse alzato,avessimo alzato,aveste alzato,avessero alzato,alzerei,alzeresti,alzerebbe,alzeremmo,alzereste,alzerebbero,avrei alzato,avresti alzato,avrebbe alzato,avremmo alzato,avreste alzato,avrebbero alzato,alza,alzi,alziamo,alzate,alzino,lever,
ricevere,essere ricevuto,ricevente,ricevuto,ricevendo,avendo ricevuto,ricevo,ricevi,riceve,riceviamo,ricevete,ricevono,ricevevo,ricevevi,riceveva,ricevevamo,ricevevate,ricevevano,ricevetti,ricevesti,ricevette,ricevemmo,riceveste,ricevettero,riceverò,riceverai,riceverà,riceveremo,riceverete,riceveranno,ho ricevuto,hai ricevuto,ha ricevuto,abbiamo ricevuto,avete ricevuto,hanno ricevuto,avevo ricevuto,avevi ricevuto,aveva ricevuto,avevamo ricevuto,avevate ricevuto,avevano ricevuto,ebbi ricevuto,avesti ricevuto,ebbe ricevuto,avemmo ricevuto,aveste ricevuto,ebbero ricevuto,avrò ricevuto,avrai ricevuto,avrà ricevuto,avremo ricevuto,avrete ricevuto,avranno ricevuto,riceva,riceva,riceva,riceviamo,riceviate,ricevano,ricevessi,ricevessi,ricevesse,ricevessimo,riceveste,ricevessero,abbia ricevuto,abbia ricevuto,abbia ricevuto,abbiamo ricevuto,abbiate ricevuto,abbiano ricevuto,avessi ricevuto,avessi ricevuto,avesse ricevuto,avessimo ricevuto,aveste ricevuto,avessero ricevuto,riceverei,riceveresti,riceverebbe,riceveremmo,ricevereste,riceverebbero,avrei ricevuto,avresti ricevuto,avrebbe ricevuto,avremmo ricevuto,avreste ricevuto,avrebbero ricevuto,ricevi,riceva,riceviamo,ricevete,ricevano,recevoir,
rispondere,avere risposto,rispondente,risposto,rispondendo,avendo risposto,rispondo,rispondi,risponde,rispondiamo,rispondete,rispondono,rispondevo,rispondevi,rispondeva,rispondevamo,rispondevate,rispondevano,risposi,rispondesti,rispose,rispondemmo,rispondeste,risposero,risponderò,risponderai,risponderà,risponderemo,risponderete,risponderanno,ho risposto,hai risposto,ha risposto,abbiamo risposto,avete risposto,hanno risposto,avevo risposto,avevi risposto,aveva risposto,avevamo risposto,avevate risposto,avevano risposto,ebbi risposto,avesti risposto,ebbe risposto,avemmo risposto,aveste risposto,ebbero risposto,avrò risposto,avrai risposto,avrà risposto,avremo risposto,avrete risposto,avranno risposto,risponda,risponda,risponda,rispondiamo,rispondiate,rispondano,rispondessi,rispondessi,rispondesse,rispondessimo,rispondeste,rispondessero,abbia risposto,abbia risposto,abbia risposto,abbiamo risposto,abbiate risposto,abbiano risposto,avessi risposto,avessi risposto,avesse risposto,avessimo risposto,aveste risposto,avessero risposto,risponderei,risponderesti,risponderebbe,risponderemmo,rispondereste,risponderebbero,avrei risposto,avresti risposto,avrebbe risposto,avremmo risposto,avreste risposto,avrebbero risposto,rispondi,risponda,rispondiamo,rispondete,rispondano,répondre,
aiutare,avere aiutato,aiutante,aiutato,aiutando,avendo aiutato,aiuto,aiuti,aiuta,aiutiamo,aiutate,aiutano,aiutavo,aiutavi,aiutava,aiutavamo,aiutavate,aiutavano,aiutai,aiutasti,aiutò,aiutammo,aiutaste,aiutarono,aiuterò,aiuterai,aiuterà,aiuteremo,aiuterete,aiuteranno,ho aiutato,hai aiutato,ha aiutato,abbiamo aiutato,avete aiutato,hanno aiutato,avevo aiutato,avevi aiutato,aveva aiutato,avevamo aiutato,avevate aiutato,avevano aiutato,ebbi aiutato,avesti aiutato,ebbe aiutato,avemmo aiutato,aveste aiutato,ebbero aiutato,avrò aiutato,avrai aiutato,avrà aiutato,avremo aiutato,avrete aiutato,avranno aiutato,aiuti,aiuti,aiuti,aiutiamo,aiutiate,aiutino,aiutassi,aiutassi,aiutasse,aiutassimo,aiutaste,aiutassero,abbia aiutato,abbia aiutato,abbia aiutato,abbiamo aiutato,abbiate aiutato,abbiano aiutato,avessi aiutato,avessi aiutato,avesse aiutato,avessimo aiutato,aveste aiutato,avessero aiutato,aiuterei,aiuteresti,aiuterebbe,aiuteremmo,aiutereste,aiuterebbero,avrei aiutato,avresti aiutato,avrebbe aiutato,avremmo aiutato,avreste aiutato,avrebbero aiutato,aiuta,aiuti,aiutiamo,aiutate,aiutino,aider,
entrare,essere entrato,entrante,entrato,entrando,essendo entrato,entro,entri,entra,entriamo,entrate,entrano,entravo,entravi,entrava,entravamo,entravate,entravano,entrai,entrasti,entrò,entrammo,entraste,entrarono,entrerò,entrerai,entrerà,entreremo,entrerete,entreranno,sono entrato,sei entrato,è entrato,siamo entrati,siete entrati,sono entrati,ero entrato,eri entrato,era entrato,eravamo entrati,eravate entrati,erano entrati,fui entrato,fosti entrato,fu entrato,fummo entrati,foste entrati,furono entrati,sarò entrato,sarai entrato,sarà entrato,saremo entrati,sarete entrati,saranno entrati,entri,entri,entri,entriamo,entriate,entrino,entrassi,entrassi,entrasse,entrassimo,entraste,entrassero,sia entrato,sia entrato,sia entrato,siamo entrati,siate entrati,siano entrati,fossi entrato,fossi entrato,fosse entrato,fossimo entrati,foste entrati,fossero entrati,entrerei,entreresti,entrerebbe,entreremmo,entrereste,entrerebbero,sarei entrato,saresti entrato,sarebbe entrato,saremmo entrati,sareste entrati,sarebbero entrati,entra,entri,entriamo,entrate,entrino,entrer,
camminare,avere camminato,camminante,camminato,camminando,avendo camminato,cammino,cammini,cammina,camminiamo,camminate,camminano,camminavo,camminavi,camminava,camminavamo,camminavate,camminavano,camminai,camminasti,camminò,camminammo,camminaste,camminarono,camminerò,camminerai,camminerà,cammineremo,camminerete,cammineranno,ho camminato,hai camminato,ha camminato,abbiamo camminato,avete camminato,hanno camminato,avevo camminato,avevi camminato,aveva camminato,avevamo camminato,avevate camminato,avevano camminato,ebbi camminato,avesti camminato,ebbe camminato,avemmo camminato,aveste camminato,ebbero camminato,avrò camminato,avrai camminato,avrà camminato,avremo camminato,avrete camminato,avranno camminato,cammini,cammini,cammini,camminiamo,camminiate,camminino,camminassi,camminassi,camminasse,camminassimo,camminaste,camminassero,abbia camminato,abbia camminato,abbia camminato,abbiamo camminato,abbiate camminato,abbiano camminato,avessi camminato,avessi camminato,avesse camminato,avessimo camminato,aveste camminato,avessero camminato,camminerei,cammineresti,camminerebbe,cammineremmo,camminereste,camminerebbero,avrei camminato,avresti camminato,avrebbe camminato,avremmo camminato,avreste camminato,avrebbero camminato,cammina,cammini,camminiamo,camminate,camminino,marcher,
cucinare,essere cucinato,cucinante,cucinato,cucinando,avendo cucinato,cucino,cucini,cucina,cuciniamo,cucinate,cucinano,cucinavo,cucinavi,cucinava,cucinavamo,cucinavate,cucinavano,cucinai,cucinasti,cucinò,cucinammo,cucinaste,cucinarono,cucinerò,cucinerai,cucinerà,cucineremo,cucinerete,cucineranno,ho cucinato,hai cucinato,ha cucinato,abbiamo cucinato,avete cucinato,hanno cucinato,avevo cucinato,avevi cucinato,aveva cucinato,avevamo cucinato,avevate cucinato,avevano cucinato,ebbi cucinato,avesti cucinato,ebbe cucinato,avemmo cucinato,aveste cucinato,ebbero cucinato,avrò cucinato,avrai cucinato,avrà cucinato,avremo cucinato,avrete cucinato,avranno cucinato,cucini,cucini,cucini,cuciniamo,cuciniate,cucinino,cucinassi,cucinassi,cucinasse,cucinassimo,cucinaste,cucinassero,abbia cucinato,abbia cucinato,abbia cucinato,abbiamo cucinato,abbiate cucinato,abbiano cucinato,avessi cucinato,avessi cucinato,avesse cucinato,avessimo cucinato,aveste cucinato,avessero cucinato,cucinerei,cucineresti,cucinerebbe,cucineremmo,cucinereste,cucinerebbero,avrei cucinato,avresti cucinato,avrebbe cucinato,avremmo cucinato,avreste cucinato,avrebbero cucinato,cucina,cucini,cuciniamo,cucinate,cucinino,cuisiner,
raccontare,essere raccontato,raccontante,raccontato,raccontando,avendo raccontato,racconto,racconti,racconta,raccontiamo,raccontate,raccontano,raccontavo,raccontavi,raccontava,raccontavamo,raccontavate,raccontavano,raccontai,raccontasti,raccontò,raccontammo,raccontaste,raccontarono,racconterò,racconterai,racconterà,racconteremo,racconterete,racconteranno,ho raccontato,hai raccontato,ha raccontato,abbiamo raccontato,avete raccontato,hanno raccontato,avevo raccontato,avevi raccontato,aveva raccontato,avevamo raccontato,avevate raccontato,avevano raccontato,ebbi raccontato,avesti raccontato,ebbe raccontato,avemmo raccontato,aveste raccontato,ebbero raccontato,avrò raccontato,avrai raccontato,avrà raccontato,avremo raccontato,avrete raccontato,avranno raccontato,racconti,racconti,racconti,raccontiamo,raccontiate,raccontino,raccontassi,raccontassi,raccontasse,raccontassimo,raccontaste,raccontassero,abbia raccontato,abbia raccontato,abbia raccontato,abbiamo raccontato,abbiate raccontato,abbiano raccontato,avessi raccontato,avessi raccontato,avesse raccontato,avessimo raccontato,aveste raccontato,avessero raccontato,racconterei,racconteresti,racconterebbe,racconteremmo,raccontereste,racconterebbero,avrei raccontato,avresti raccontato,avrebbe raccontato,avremmo raccontato,avreste raccontato,avrebbero raccontato,racconta,racconti,raccontiamo,raccontate,raccontino,raconter,
scendere,essere sceso,scendente,sceso,scendendo,essendo sceso,scendo,scendi,scende,scendiamo,scendete,scendono,scendevo,scendevi,scendeva,scendevamo,scendevate,scendevano,scesi,scendesti,scese,scendemmo,scendeste,scesero,scenderò,scenderai,scenderà,scenderemo,scenderete,scenderanno,sono sceso,sei sceso,è sceso,siamo scesi,siete scesi,sono scesi,ero sceso,eri sceso,era sceso,eravamo scesi,eravate scesi,erano scesi,fui sceso,fosti sceso,fu sceso,fummo scesi,foste scesi,furono scesi,sarò sceso,sarai sceso,sarà sceso,saremo scesi,sarete scesi,saranno scesi,scenda,scenda,scenda,scendiamo,scendiate,scendano,scendessi,scendessi,scendesse,scendessimo,scendeste,scendessero,sia sceso,sia sceso,sia sceso,siamo scesi,siate scesi,siano scesi,fossi sceso,fossi sceso,fosse sceso,fossimo scesi,foste scesi,fossero scesi,scenderei,scenderesti,scenderebbe,scenderemmo,scendereste,scenderebbero,sarei sceso,saresti sceso,sarebbe sceso,saremmo scesi,sareste scesi,sarebbero scesi,scendi,scenda,scendiamo,scendete,scendano,descendre,
dimenticare,avere dimenticato,dimenticante,dimenticato,dimenticando,avendo dimenticato,dimentico,dimentichi,dimentica,dimentichiamo,dimenticate,dimenticano,dimenticavo,dimenticavi,dimenticava,dimenticavamo,dimenticavate,dimenticavano,dimenticai,dimenticasti,dimenticò,dimenticammo,dimenticaste,dimenticarono,dimenticherò,dimenticherai,dimenticherà,dimenticheremo,dimenticherete,dimenticheranno,ho dimenticato,hai dimenticato,ha dimenticato,abbiamo dimenticato,avete dimenticato,hanno dimenticato,avevo dimenticato,avevi dimenticato,aveva dimenticato,avevamo dimenticato,avevate dimenticato,avevano dimenticato,ebbi dimenticato,avesti dimenticato,ebbe dimenticato,avemmo dimenticato,aveste dimenticato,ebbero dimenticato,avrò dimenticato,avrai dimenticato,avrà dimenticato,avremo dimenticato,avrete dimenticato,avranno dimenticato,dimentichi,dimentichi,dimentichi,dimentichiamo,dimentichiate,dimentichino,dimenticassi,dimenticassi,dimenticasse,dimenticassimo,dimenticaste,dimenticassero,abbia dimenticato,abbia dimenticato,abbia dimenticato,abbiamo dimenticato,abbiate dimenticato,abbiano dimenticato,avessi dimenticato,avessi dimenticato,avesse dimenticato,avessimo dimenticato,aveste dimenticato,avessero dimenticato,dimenticherei,dimenticheresti,dimenticherebbe,dimenticheremmo,dimentichereste,dimenticherebbero,avrei dimenticato,avresti dimenticato,avrebbe dimenticato,avremmo dimenticato,avreste dimenticato,avrebbero dimenticato,dimentica,dimentichi,dimentichiamo,dimenticate,dimentichino,oublier,
seguire,avere seguito,seguente,seguito,seguendo,avendo seguito,seguo,segui,segue,seguiamo,seguite,seguono,seguivo,seguivi,seguiva,seguivamo,seguivate,seguivano,seguii,seguisti,seguì,seguimmo,seguiste,seguirono,seguirò,seguirai,seguirà,seguiremo,seguirete,seguiranno,ho seguito,hai seguito,ha seguito,abbiamo seguito,avete seguito,hanno seguito,avevo seguito,avevi seguito,aveva seguito,avevamo seguito,avevate seguito,avevano seguito,ebbi seguito,avesti seguito,ebbe seguito,avemmo seguito,aveste seguito,ebbero seguito,avrò seguito,avrai seguito,avrà seguito,avremo seguito,avrete seguito,avranno seguito,segua,segua,segua,seguiamo,seguiate,seguano,seguissi,seguissi,seguisse,seguissimo,seguiste,seguissero,abbia seguito,abbia seguito,abbia seguito,abbiamo seguito,abbiate seguito,abbiano seguito,avessi seguito,avessi seguito,avesse seguito,avessimo seguito,aveste seguito,avessero seguito,seguirei,seguiresti,seguirebbe,seguiremmo,seguireste,seguirebbero,avrei seguito,avresti seguito,avrebbe seguito,avremmo seguito,avreste seguito,avrebbero seguito,segui,segua,seguiamo,seguite,seguano,suivre,
spiegare,avere spiegato,spiegante,spiegato,spiegando,avendo spiegato,spiego,spieghi,spiega,spieghiamo,spiegate,spiegano,spiegavo,spiegavi,spiegava,spiegavamo,spiegavate,spiegavano,spiegai,spiegasti,spiegò,spiegammo,spiegaste,spiegarono,spiegherò,spiegherai,spiegherà,spiegheremo,spiegherete,spiegheranno,ho spiegato,hai spiegato,ha spiegato,abbiamo spiegato,avete spiegato,hanno spiegato,avevo spiegato,avevi spiegato,aveva spiegato,avevamo spiegato,avevate spiegato,avevano spiegato,ebbi spiegato,avesti spiegato,ebbe spiegato,avemmo spiegato,aveste spiegato,ebbero spiegato,avrò spiegato,avrai spiegato,avrà spiegato,avremo spiegato,avrete spiegato,avranno spiegato,spieghi,spieghi,spieghi,spieghiamo,spieghiate,spieghino,spiegassi,spiegassi,spiegasse,spiegassimo,spiegaste,spiegassero,abbia spiegato,abbia spiegato,abbia spiegato,abbiamo spiegato,abbiate spiegato,abbiano spiegato,avessi spiegato,avessi spiegato,avesse spiegato,avessimo spiegato,aveste spiegato,avessero spiegato,spiegherei,spiegheresti,spiegherebbe,spiegheremmo,spieghereste,spiegherebbero,avrei spiegato,avresti spiegato,avrebbe spiegato,avremmo spiegato,avreste spiegato,avrebbero spiegato,spiega,spieghi,spieghiamo,spiegate,spieghino,expliquer,
